Propriétaire de l’installation,Nom du site,Adresse du site,Municipalité du site,Secteur,District,Contaminant,Type de dépassement,Date du début du dépassement,Date de la fin du dépassement,Limite du contaminant,Unité du contaminant,Fréquence de la limite,Nombre de dépassements,Minimum de la quantité,Maximum de la quantité,Mesure prise par l’installation,Mesure prise par le ministère,Modélisation de la dispersion atmosphérique
IMPERIAL OIL LIMITED,Imperial Oil Limited - Nanticoke Refinery,"225 CONCESSION 2, NANTICOKE, HALDIMAND COUNTY, ON N0A 1L0",HALDIMAND COUNTY,Petroleum Refining,Hamilton District Office,SULPHUR DIOXIDE,Legislation Non-Compliance,2024-01-22,2024-01-24,225,kg/d,24 hr rolling avg,27,226,3761,Penalty Paid,Penalty Order,Based on Air Dispersion Modeling 
IMPERIAL OIL LIMITED,Imperial Oil Limited - Nanticoke Refinery,"225 CONCESSION 2, NANTICOKE, HALDIMAND COUNTY, ON N0A 1L0",HALDIMAND COUNTY,Petroleum Refining,Hamilton District Office,OPACITY,Legislation Non-Compliance,2024-10-24,2024-10-24,20,%,6 min avg,1,21,21,Equipment Modified/Repaired,Voluntary Compliance Underway,
IMPERIAL OIL LIMITED,Imperial Oil Limited - Nanticoke Refinery,"225 CONCESSION 2, NANTICOKE, HALDIMAND COUNTY, ON N0A 1L0",HALDIMAND COUNTY,Petroleum Refining,Hamilton District Office,SULPHUR DIOXIDE,Legislation Non-Compliance,2024-10-24,2024-10-25,225,kg/d,24 hr rolling avg,23,226,317,Equipment Modified/Repaired,Voluntary Compliance Underway,Based on Air Dispersion Modeling 
LAFARGE CANADA INC.,Lafarge Bath Cement Plant,"6501 BATH RD, LOYALIST, ON K0H 1G0",LOYALIST,Industrial Minerals,Kingston District Office,OPACITY,Legislation Non-Compliance,2024-02-15,2024-02-15,20,%,6 min avg,1,20.49,20.49,Equipment Modified/Repaired,Event Resolved,
LAFARGE CANADA INC.,Lafarge Bath Cement Plant,"6501 BATH RD, LOYALIST, ON K0H 1G0",LOYALIST,Industrial Minerals,Kingston District Office,OPACITY,Legislation Non-Compliance,2024-04-12,2024-04-12,20,%,6 min avg,1,21,21,Equipment Modified/Repaired,Voluntary Compliance Underway,
LAFARGE CANADA INC.,Lafarge Bath Cement Plant,"6501 BATH RD, LOYALIST, ON K0H 1G0",LOYALIST,Industrial Minerals,Kingston District Office,OPACITY,Legislation Non-Compliance,2024-04-27,2024-04-27,20,%,6 min avg,1,26,26,Equipment Modified/Repaired,Voluntary Compliance Underway,
LAFARGE CANADA INC.,Lafarge Bath Cement Plant,"6501 BATH RD, LOYALIST, ON K0H 1G0",LOYALIST,Industrial Minerals,Kingston District Office,OPACITY,Legislation Non-Compliance,2024-05-19,2024-05-19,20,%,6 min avg,1,40,40,Conducting Study,Voluntary Compliance Underway,
LAFARGE CANADA INC.,Lafarge Bath Cement Plant,"6501 BATH RD, LOYALIST, ON K0H 1G0",LOYALIST,Industrial Minerals,Kingston District Office,OPACITY,Legislation Non-Compliance,2024-07-02,2024-07-02,20,%,6 min avg,1,36.7,36.7,Equipment Modified/Repaired,Addressed w/o Intervention,
LAFARGE CANADA INC.,Lafarge Bath Cement Plant,"6501 BATH RD, LOYALIST, ON K0H 1G0",LOYALIST,Industrial Minerals,Kingston District Office,OPACITY,Legislation Non-Compliance,2024-07-16,2024-07-16,20,%,6 min avg,1,98.79,98.79,Equipment Modified/Repaired,Voluntary Compliance Underway,
LAFARGE CANADA INC.,Lafarge Bath Cement Plant,"6501 BATH RD, LOYALIST, ON K0H 1G0",LOYALIST,Industrial Minerals,Kingston District Office,OPACITY,Legislation Non-Compliance,2024-07-29,2024-07-29,20,%,6 min avg,1,24,24,Additional Monitoring Underway,Voluntary Compliance Underway,
LAFARGE CANADA INC.,Lafarge Bath Cement Plant,"6501 BATH RD, LOYALIST, ON K0H 1G0",LOYALIST,Industrial Minerals,Kingston District Office,OPACITY,Legislation Non-Compliance,2024-08-03,2024-08-03,20,%,6 min avg,1,53,53,Resolved w/o Actions Required,Addressed w/o Intervention,
LAFARGE CANADA INC.,Lafarge Bath Cement Plant,"6501 BATH RD, LOYALIST, ON K0H 1G0",LOYALIST,Industrial Minerals,Kingston District Office,OPACITY,Legislation Non-Compliance,2024-08-13,2024-08-13,20,%,6 min avg,1,21,21,Additional Monitoring Underway,Addressed w/o Intervention,
LAFARGE CANADA INC.,Lafarge Bath Cement Plant,"6501 BATH RD, LOYALIST, ON K0H 1G0",LOYALIST,Industrial Minerals,Kingston District Office,OPACITY,Legislation Non-Compliance,2024-09-23,2024-09-23,20,%,6 min avg,1,26,26,Operational Process Modified,Voluntary Compliance Underway,
LAFARGE CANADA INC.,Lafarge Bath Cement Plant,"6501 BATH RD, LOYALIST, ON K0H 1G0",LOYALIST,Industrial Minerals,Kingston District Office,OPACITY,Legislation Non-Compliance,2024-10-08,2024-10-08,20,%,6 min avg,1,42,42,Operational Process Modified,Voluntary Compliance Underway,
LAFARGE CANADA INC.,Lafarge Bath Cement Plant,"6501 BATH RD, LOYALIST, ON K0H 1G0",LOYALIST,Industrial Minerals,Kingston District Office,OPACITY,Approval/Permit Non-Compliance,2024-10-15,2024-10-15,20,%,6 min avg,1,64,64,Operational Process Modified,Event Resolved,
THE DISTRICT MUNICIPALITY OF MUSKOKA,Rosewarne Landfill,"1062 ROSEWARNE DR, BRACEBRIDGE, ON P1L 0A1",BRACEBRIDGE,Miscellaneous Industrial,Barrie District Office,METHANE,Approval/Permit Non-Compliance,2024-11-01,2024-11-30,1.5,%,/mon,2,4.9,7.5,Conducting Study,Assessment Underway,
THE DISTRICT MUNICIPALITY OF MUSKOKA,Rosewarne Landfill,"1062 ROSEWARNE DR, BRACEBRIDGE, ON P1L 0A1",BRACEBRIDGE,Miscellaneous Industrial,Barrie District Office,METHANE,Approval/Permit Non-Compliance,2024-12-01,2024-12-31,1.5,%,/mon,2,25,45.3,Conducting Study,Assessment Underway,
AEVITAS INC.,Aevitas Inc (2425 Industrial Park),"2425 INDUSTRIAL PARK DR, CORNWALL, ON K6H 7M4",CORNWALL,Miscellaneous Industrial,Cornwall Area Office,CARBON MONOXIDE,Policy/Guidance/ Non-Conf.,2024-01-24,2024-06-29,15,ppm,10-min rolling avg,3,98.1,112.1,Resolved w/o Actions Required,Event Resolved,
AEVITAS INC.,Aevitas Inc (2425 Industrial Park),"2425 INDUSTRIAL PARK DR, CORNWALL, ON K6H 7M4",CORNWALL,Miscellaneous Industrial,Cornwall Area Office,CARBON MONOXIDE,Policy/Guidance/ Non-Conf.,2024-02-14,2024-02-15,15,ppm,10-min rolling avg,2,86.3,112.1,Resolved w/o Actions Required,Assessment Underway,
AEVITAS INC.,Aevitas Inc (2425 Industrial Park),"2425 INDUSTRIAL PARK DR, CORNWALL, ON K6H 7M4",CORNWALL,Miscellaneous Industrial,Cornwall Area Office,CARBON MONOXIDE,Policy/Guidance/ Non-Conf.,2024-03-15,2024-03-15,15,ppm,10-min rolling avg,1,111.7,111.7,Resolved w/o Actions Required,Addressed w/o Intervention,
AEVITAS INC.,Aevitas Inc (2425 Industrial Park),"2425 INDUSTRIAL PARK DR, CORNWALL, ON K6H 7M4",CORNWALL,Miscellaneous Industrial,Cornwall Area Office,CARBON MONOXIDE,Policy/Guidance/ Non-Conf.,2024-05-01,2024-05-27,15,ppm,10-min rolling avg,5,103.6,111.7,Operational Process Modified,Addressed w/o Intervention,
ALGOMA STEEL INC.,ALGOMA STEEL INC.,"105 WEST ST, SAULT STE. MARIE, ON",SAULT STE. MARIE,Iron and Steel,Sault Ste. Marie Area Office,OPACITY,Legislation Non-Compliance,2024-01-01,2024-01-31,20,%,6 min avg,31,21,100,Equipment Modified/Repaired,Voluntary Compliance Underway,
ALGOMA STEEL INC.,ALGOMA STEEL INC.,"105 WEST ST, SAULT STE. MARIE, ON",SAULT STE. MARIE,Iron and Steel,Sault Ste. Marie Area Office,OPACITY,Legislation Non-Compliance,2024-02-01,2024-02-29,20,%,6 min avg,29,21,100,Equipment Modified/Repaired,Voluntary Compliance Underway,
ALGOMA STEEL INC.,ALGOMA STEEL INC.,"105 WEST ST, SAULT STE. MARIE, ON",SAULT STE. MARIE,Iron and Steel,Sault Ste. Marie Area Office,OPACITY,Legislation Non-Compliance,2024-03-01,2024-03-31,20,%,6 min avg,31,21,100,Equipment Modified/Repaired,Voluntary Compliance Underway,
ALGOMA STEEL INC.,ALGOMA STEEL INC.,"105 WEST ST, SAULT STE. MARIE, ON",SAULT STE. MARIE,Iron and Steel,Sault Ste. Marie Area Office,OPACITY,Legislation Non-Compliance,2024-04-01,2024-04-30,20,%,6 min avg,30,21,100,Equipment Modified/Repaired,Voluntary Compliance Underway,
ALGOMA STEEL INC.,ALGOMA STEEL INC.,"105 WEST ST, SAULT STE. MARIE, ON",SAULT STE. MARIE,Iron and Steel,Sault Ste. Marie Area Office,OPACITY,Legislation Non-Compliance,2024-05-01,2024-05-31,20,%,6 min avg,31,21,100,Equipment Modified/Repaired,Voluntary Compliance Underway,
ALGOMA STEEL INC.,ALGOMA STEEL INC.,"105 WEST ST, SAULT STE. MARIE, ON",SAULT STE. MARIE,Iron and Steel,Sault Ste. Marie Area Office,OPACITY,Legislation Non-Compliance,2024-06-01,2024-06-30,20,%,6 min avg,30,21,100,Equipment Modified/Repaired,Voluntary Compliance Underway,
ALGOMA STEEL INC.,ALGOMA STEEL INC.,"105 WEST ST, SAULT STE. MARIE, ON",SAULT STE. MARIE,Iron and Steel,Sault Ste. Marie Area Office,VISIBLE EMISSION,Approval/Permit Non-Compliance,2024-06-12,2024-09-27,4,%,30 day rolling avg,29,4.01,4.21,Equipment Modified/Repaired,Voluntary Compliance Underway,
ALGOMA STEEL INC.,ALGOMA STEEL INC.,"105 WEST ST, SAULT STE. MARIE, ON",SAULT STE. MARIE,Iron and Steel,Sault Ste. Marie Area Office,VISIBLE EMISSION,Approval/Permit Non-Compliance,2024-06-24,2024-07-10,12,seconds,30 day rolling avg,13,12.01,14.19,Equipment Modified/Repaired,Voluntary Compliance Underway,
ALGOMA STEEL INC.,ALGOMA STEEL INC.,"105 WEST ST, SAULT STE. MARIE, ON",SAULT STE. MARIE,Iron and Steel,Sault Ste. Marie Area Office,OPACITY,Legislation Non-Compliance,2024-07-01,2024-07-31,20,%,6 min avg,31,21,100,Equipment Modified/Repaired,Voluntary Compliance Underway,
ALGOMA STEEL INC.,ALGOMA STEEL INC.,"105 WEST ST, SAULT STE. MARIE, ON",SAULT STE. MARIE,Iron and Steel,Sault Ste. Marie Area Office,OPACITY,Legislation Non-Compliance,2024-08-01,2024-08-31,20,%,6 min avg,31,21,100,Equipment Modified/Repaired,Voluntary Compliance Underway,
ALGOMA STEEL INC.,ALGOMA STEEL INC.,"105 WEST ST, SAULT STE. MARIE, ON",SAULT STE. MARIE,Iron and Steel,Sault Ste. Marie Area Office,OPACITY,Legislation Non-Compliance,2024-09-01,2024-09-30,20,%,6 min avg,30,21,100,Equipment Modified/Repaired,Voluntary Compliance Underway,
ALGOMA STEEL INC.,ALGOMA STEEL INC.,"105 WEST ST, SAULT STE. MARIE, ON",SAULT STE. MARIE,Iron and Steel,Sault Ste. Marie Area Office,OPACITY,Legislation Non-Compliance,2024-10-01,2024-10-31,20,%,6 min avg,31,21,100,Equipment Modified/Repaired,Voluntary Compliance Underway,
ALGOMA STEEL INC.,ALGOMA STEEL INC.,"105 WEST ST, SAULT STE. MARIE, ON",SAULT STE. MARIE,Iron and Steel,Sault Ste. Marie Area Office,OPACITY,Legislation Non-Compliance,2024-11-01,2024-11-30,20,%,6 min avg,30,21,100,Equipment Modified/Repaired,Voluntary Compliance Underway,
ALGOMA STEEL INC.,ALGOMA STEEL INC.,"105 WEST ST, SAULT STE. MARIE, ON",SAULT STE. MARIE,Iron and Steel,Sault Ste. Marie Area Office,OPACITY,Legislation Non-Compliance,2024-12-01,2024-12-31,20,%,6 min avg,31,21,100,Equipment Modified/Repaired,Voluntary Compliance Underway,
ONTARIO POWER GENERATION INC.,Western Waste Management Facility - Bruce Power Site,"177 TIE RD, TIVERTON, KINCARDINE, ON N0G 2T0",KINCARDINE,Electric Power Generation,Owen Sound District Office,CARBON MONOXIDE,Approval/Permit Non-Compliance,2024-09-14,2024-09-14,25,ppm,4 hr avg,1,90,90,Equipment Modified/Repaired,Event Resolved,
CARMEUSE LIME (CANADA) LIMITED,Carmeuse Lime Canada Ltd. Dundas Operation,"600 HIGHWAY 5 W, HAMILTON, ON L9H 5E2",HAMILTON,Industrial Minerals,Hamilton District Office,OPACITY,Legislation Non-Compliance,2024-01-10,2024-01-10,20,%,6 min avg,1,44.12,44.12,Resolved w/o Actions Required,Addressed w/o Intervention,
CARMEUSE LIME (CANADA) LIMITED,Carmeuse Lime Canada Ltd. Dundas Operation,"600 HIGHWAY 5 W, HAMILTON, ON L9H 5E2",HAMILTON,Industrial Minerals,Hamilton District Office,OPACITY,Legislation Non-Compliance,2024-01-12,2024-01-12,20,%,6 min avg,1,49.33,49.33,Resolved w/o Actions Required,Addressed w/o Intervention,
CARMEUSE LIME (CANADA) LIMITED,Carmeuse Lime Canada Ltd. Dundas Operation,"600 HIGHWAY 5 W, HAMILTON, ON L9H 5E2",HAMILTON,Industrial Minerals,Hamilton District Office,OPACITY,Legislation Non-Compliance,2024-01-15,2024-01-15,20,%,6 min avg,1,49.32,49.32,Resolved w/o Actions Required,Addressed w/o Intervention,
CARMEUSE LIME (CANADA) LIMITED,Carmeuse Lime Canada Ltd. Dundas Operation,"600 HIGHWAY 5 W, HAMILTON, ON L9H 5E2",HAMILTON,Industrial Minerals,Hamilton District Office,OPACITY,Legislation Non-Compliance,2024-01-27,2024-01-27,20,%,6 min avg,1,50.51,50.51,Resolved w/o Actions Required,Addressed w/o Intervention,
CARMEUSE LIME (CANADA) LIMITED,Carmeuse Lime Canada Ltd. Dundas Operation,"600 HIGHWAY 5 W, HAMILTON, ON L9H 5E2",HAMILTON,Industrial Minerals,Hamilton District Office,OPACITY,Legislation Non-Compliance,2024-02-05,2024-02-05,20,%,6 min avg,1,47.92,47.92,Resolved w/o Actions Required,Addressed w/o Intervention,
CARMEUSE LIME (CANADA) LIMITED,Carmeuse Lime Canada Ltd. Dundas Operation,"600 HIGHWAY 5 W, HAMILTON, ON L9H 5E2",HAMILTON,Industrial Minerals,Hamilton District Office,OPACITY,Legislation Non-Compliance,2024-02-21,2024-02-21,20,%,6 min avg,1,52.2,52.2,Resolved w/o Actions Required,Addressed w/o Intervention,
CARMEUSE LIME (CANADA) LIMITED,Carmeuse Lime Canada Ltd. Dundas Operation,"600 HIGHWAY 5 W, HAMILTON, ON L9H 5E2",HAMILTON,Industrial Minerals,Hamilton District Office,OPACITY,Legislation Non-Compliance,2024-02-22,2024-02-22,20,%,6 min avg,1,66.98,66.98,Equipment Modified/Repaired,Addressed w/o Intervention,
CARMEUSE LIME (CANADA) LIMITED,Carmeuse Lime Canada Ltd. Dundas Operation,"600 HIGHWAY 5 W, HAMILTON, ON L9H 5E2",HAMILTON,Industrial Minerals,Hamilton District Office,OPACITY,Legislation Non-Compliance,2024-02-26,2024-02-26,20,%,6 min avg,1,26.84,26.84,Resolved w/o Actions Required,Addressed w/o Intervention,
CARMEUSE LIME (CANADA) LIMITED,Carmeuse Lime Canada Ltd. Dundas Operation,"600 HIGHWAY 5 W, HAMILTON, ON L9H 5E2",HAMILTON,Industrial Minerals,Hamilton District Office,OPACITY,Legislation Non-Compliance,2024-02-27,2024-02-27,20,%,6 min avg,1,27.38,27.38,Resolved w/o Actions Required,Addressed w/o Intervention,
CARMEUSE LIME (CANADA) LIMITED,Carmeuse Lime Canada Ltd. Dundas Operation,"600 HIGHWAY 5 W, HAMILTON, ON L9H 5E2",HAMILTON,Industrial Minerals,Hamilton District Office,OPACITY,Legislation Non-Compliance,2024-03-04,2024-03-04,20,%,6 min avg,1,37.79,37.79,Resolved w/o Actions Required,Addressed w/o Intervention,
CARMEUSE LIME (CANADA) LIMITED,Carmeuse Lime Canada Ltd. Dundas Operation,"600 HIGHWAY 5 W, HAMILTON, ON L9H 5E2",HAMILTON,Industrial Minerals,Hamilton District Office,OPACITY,Legislation Non-Compliance,2024-03-18,2024-03-18,20,%,6 min avg,1,27.49,27.49,Resolved w/o Actions Required,Addressed w/o Intervention,
CARMEUSE LIME (CANADA) LIMITED,Carmeuse Lime Canada Ltd. Dundas Operation,"600 HIGHWAY 5 W, HAMILTON, ON L9H 5E2",HAMILTON,Industrial Minerals,Hamilton District Office,OPACITY,Legislation Non-Compliance,2024-04-12,2024-04-12,20,%,6 min avg,1,86.22,86.22,Resolved w/o Actions Required,Addressed w/o Intervention,
CARMEUSE LIME (CANADA) LIMITED,Carmeuse Lime Canada Ltd. Dundas Operation,"600 HIGHWAY 5 W, HAMILTON, ON L9H 5E2",HAMILTON,Industrial Minerals,Hamilton District Office,OPACITY,Legislation Non-Compliance,2024-04-15,2024-04-15,20,%,6 min avg,1,36.27,36.27,Resolved w/o Actions Required,Addressed w/o Intervention,
CARMEUSE LIME (CANADA) LIMITED,Carmeuse Lime Canada Ltd. Dundas Operation,"600 HIGHWAY 5 W, HAMILTON, ON L9H 5E2",HAMILTON,Industrial Minerals,Hamilton District Office,OPACITY,Legislation Non-Compliance,2024-04-19,2024-04-19,20,%,6 min avg,1,54.58,54.58,Resolved w/o Actions Required,Addressed w/o Intervention,
CARMEUSE LIME (CANADA) LIMITED,Carmeuse Lime Canada Ltd. Dundas Operation,"600 HIGHWAY 5 W, HAMILTON, ON L9H 5E2",HAMILTON,Industrial Minerals,Hamilton District Office,OPACITY,Legislation Non-Compliance,2024-04-23,2024-04-23,20,%,6 min avg,1,43.74,43.74,Equipment Modified/Repaired,Addressed w/o Intervention,
CARMEUSE LIME (CANADA) LIMITED,Carmeuse Lime Canada Ltd. Dundas Operation,"600 HIGHWAY 5 W, HAMILTON, ON L9H 5E2",HAMILTON,Industrial Minerals,Hamilton District Office,OPACITY,Legislation Non-Compliance,2024-04-27,2024-04-27,20,%,6 min avg,1,60.64,60.64,Resolved w/o Actions Required,Addressed w/o Intervention,
CARMEUSE LIME (CANADA) LIMITED,Carmeuse Lime Canada Ltd. Dundas Operation,"600 HIGHWAY 5 W, HAMILTON, ON L9H 5E2",HAMILTON,Industrial Minerals,Hamilton District Office,OPACITY,Legislation Non-Compliance,2024-04-29,2024-04-29,20,%,6 min avg,1,32.26,32.26,Resolved w/o Actions Required,Addressed w/o Intervention,
CARMEUSE LIME (CANADA) LIMITED,Carmeuse Lime Canada Ltd. Dundas Operation,"600 HIGHWAY 5 W, HAMILTON, ON L9H 5E2",HAMILTON,Industrial Minerals,Hamilton District Office,OPACITY,Legislation Non-Compliance,2024-04-30,2024-04-30,20,%,6 min avg,1,28.51,28.51,Resolved w/o Actions Required,Addressed w/o Intervention,
CARMEUSE LIME (CANADA) LIMITED,Carmeuse Lime Canada Ltd. Dundas Operation,"600 HIGHWAY 5 W, HAMILTON, ON L9H 5E2",HAMILTON,Industrial Minerals,Hamilton District Office,OPACITY,Legislation Non-Compliance,2024-05-09,2024-05-09,20,%,6 min avg,1,80.06,80.06,Resolved w/o Actions Required,Addressed w/o Intervention,
CARMEUSE LIME (CANADA) LIMITED,Carmeuse Lime Canada Ltd. Dundas Operation,"600 HIGHWAY 5 W, HAMILTON, ON L9H 5E2",HAMILTON,Industrial Minerals,Hamilton District Office,OPACITY,Legislation Non-Compliance,2024-05-10,2024-05-10,20,%,6 min avg,1,33.47,33.47,Resolved w/o Actions Required,Addressed w/o Intervention,
CARMEUSE LIME (CANADA) LIMITED,Carmeuse Lime Canada Ltd. Dundas Operation,"600 HIGHWAY 5 W, HAMILTON, ON L9H 5E2",HAMILTON,Industrial Minerals,Hamilton District Office,OPACITY,Legislation Non-Compliance,2024-05-11,2024-05-11,20,%,6 min avg,1,29.52,29.52,Resolved w/o Actions Required,Addressed w/o Intervention,
CARMEUSE LIME (CANADA) LIMITED,Carmeuse Lime Canada Ltd. Dundas Operation,"600 HIGHWAY 5 W, HAMILTON, ON L9H 5E2",HAMILTON,Industrial Minerals,Hamilton District Office,OPACITY,Legislation Non-Compliance,2024-06-04,2024-06-04,20,%,6 min avg,1,70.23,70.23,Resolved w/o Actions Required,Addressed w/o Intervention,
CARMEUSE LIME (CANADA) LIMITED,Carmeuse Lime Canada Ltd. Dundas Operation,"600 HIGHWAY 5 W, HAMILTON, ON L9H 5E2",HAMILTON,Industrial Minerals,Hamilton District Office,OPACITY,Legislation Non-Compliance,2024-06-04,2024-06-04,20,%,6 min avg,1,68.77,68.77,Resolved w/o Actions Required,Addressed w/o Intervention,
CARMEUSE LIME (CANADA) LIMITED,Carmeuse Lime Canada Ltd. Dundas Operation,"600 HIGHWAY 5 W, HAMILTON, ON L9H 5E2",HAMILTON,Industrial Minerals,Hamilton District Office,OPACITY,Legislation Non-Compliance,2024-06-10,2024-06-10,20,%,6 min avg,1,58.91,58.91,Resolved w/o Actions Required,Addressed w/o Intervention,
CARMEUSE LIME (CANADA) LIMITED,Carmeuse Lime Canada Ltd. Dundas Operation,"600 HIGHWAY 5 W, HAMILTON, ON L9H 5E2",HAMILTON,Industrial Minerals,Hamilton District Office,OPACITY,Legislation Non-Compliance,2024-06-13,2024-06-13,20,%,6 min avg,1,63.55,63.55,Resolved w/o Actions Required,Addressed w/o Intervention,
CARMEUSE LIME (CANADA) LIMITED,Carmeuse Lime Canada Ltd. Dundas Operation,"600 HIGHWAY 5 W, HAMILTON, ON L9H 5E2",HAMILTON,Industrial Minerals,Hamilton District Office,OPACITY,Legislation Non-Compliance,2024-06-18,2024-06-18,20,%,6 min avg,1,39.58,39.58,Resolved w/o Actions Required,Addressed w/o Intervention,
CARMEUSE LIME (CANADA) LIMITED,Carmeuse Lime Canada Ltd. Dundas Operation,"600 HIGHWAY 5 W, HAMILTON, ON L9H 5E2",HAMILTON,Industrial Minerals,Hamilton District Office,OPACITY,Legislation Non-Compliance,2024-06-19,2024-06-19,20,%,6 min avg,1,58.26,58.26,Resolved w/o Actions Required,Addressed w/o Intervention,
CARMEUSE LIME (CANADA) LIMITED,Carmeuse Lime Canada Ltd. Dundas Operation,"600 HIGHWAY 5 W, HAMILTON, ON L9H 5E2",HAMILTON,Industrial Minerals,Hamilton District Office,OPACITY,Legislation Non-Compliance,2024-06-21,2024-06-21,20,%,6 min avg,1,37.51,37.51,Resolved w/o Actions Required,Addressed w/o Intervention,
CARMEUSE LIME (CANADA) LIMITED,Carmeuse Lime Canada Ltd. Dundas Operation,"600 HIGHWAY 5 W, HAMILTON, ON L9H 5E2",HAMILTON,Industrial Minerals,Hamilton District Office,OPACITY,Legislation Non-Compliance,2024-07-02,2024-07-02,20,%,6 min avg,1,44.06,44.06,Resolved w/o Actions Required,Addressed w/o Intervention,
CARMEUSE LIME (CANADA) LIMITED,Carmeuse Lime Canada Ltd. Dundas Operation,"600 HIGHWAY 5 W, HAMILTON, ON L9H 5E2",HAMILTON,Industrial Minerals,Hamilton District Office,OPACITY,Legislation Non-Compliance,2024-07-04,2024-07-04,20,%,6 min avg,1,50.5,50.5,Resolved w/o Actions Required,Addressed w/o Intervention,
CARMEUSE LIME (CANADA) LIMITED,Carmeuse Lime Canada Ltd. Dundas Operation,"600 HIGHWAY 5 W, HAMILTON, ON L9H 5E2",HAMILTON,Industrial Minerals,Hamilton District Office,OPACITY,Legislation Non-Compliance,2024-07-04,2024-07-04,20,%,6 min avg,1,57.07,57.07,Resolved w/o Actions Required,Addressed w/o Intervention,
CARMEUSE LIME (CANADA) LIMITED,Carmeuse Lime Canada Ltd. Dundas Operation,"600 HIGHWAY 5 W, HAMILTON, ON L9H 5E2",HAMILTON,Industrial Minerals,Hamilton District Office,OPACITY,Legislation Non-Compliance,2024-07-08,2024-07-08,20,%,6 min avg,1,44.33,44.33,Resolved w/o Actions Required,Addressed w/o Intervention,
CARMEUSE LIME (CANADA) LIMITED,Carmeuse Lime Canada Ltd. Dundas Operation,"600 HIGHWAY 5 W, HAMILTON, ON L9H 5E2",HAMILTON,Industrial Minerals,Hamilton District Office,OPACITY,Legislation Non-Compliance,2024-07-10,2024-07-10,20,%,6 min avg,1,36.92,36.92,Resolved w/o Actions Required,Addressed w/o Intervention,
CARMEUSE LIME (CANADA) LIMITED,Carmeuse Lime Canada Ltd. Dundas Operation,"600 HIGHWAY 5 W, HAMILTON, ON L9H 5E2",HAMILTON,Industrial Minerals,Hamilton District Office,OPACITY,Legislation Non-Compliance,2024-07-11,2024-07-11,20,%,6 min avg,1,71.45,71.45,Resolved w/o Actions Required,Addressed w/o Intervention,
CARMEUSE LIME (CANADA) LIMITED,Carmeuse Lime Canada Ltd. Dundas Operation,"600 HIGHWAY 5 W, HAMILTON, ON L9H 5E2",HAMILTON,Industrial Minerals,Hamilton District Office,OPACITY,Legislation Non-Compliance,2024-07-13,2024-07-13,20,%,6 min avg,1,46.01,46.01,Resolved w/o Actions Required,Addressed w/o Intervention,
CARMEUSE LIME (CANADA) LIMITED,Carmeuse Lime Canada Ltd. Dundas Operation,"600 HIGHWAY 5 W, HAMILTON, ON L9H 5E2",HAMILTON,Industrial Minerals,Hamilton District Office,OPACITY,Legislation Non-Compliance,2024-07-14,2024-07-14,20,%,6 min avg,1,59.09,59.09,Resolved w/o Actions Required,Addressed w/o Intervention,
CARMEUSE LIME (CANADA) LIMITED,Carmeuse Lime Canada Ltd. Dundas Operation,"600 HIGHWAY 5 W, HAMILTON, ON L9H 5E2",HAMILTON,Industrial Minerals,Hamilton District Office,OPACITY,Legislation Non-Compliance,2024-07-15,2024-07-15,20,%,6 min avg,1,89.81,89.81,Resolved w/o Actions Required,Addressed w/o Intervention,
CARMEUSE LIME (CANADA) LIMITED,Carmeuse Lime Canada Ltd. Dundas Operation,"600 HIGHWAY 5 W, HAMILTON, ON L9H 5E2",HAMILTON,Industrial Minerals,Hamilton District Office,OPACITY,Legislation Non-Compliance,2024-07-16,2024-07-16,20,%,6 min avg,1,69.63,69.63,Resolved w/o Actions Required,Addressed w/o Intervention,
CARMEUSE LIME (CANADA) LIMITED,Carmeuse Lime Canada Ltd. Dundas Operation,"600 HIGHWAY 5 W, HAMILTON, ON L9H 5E2",HAMILTON,Industrial Minerals,Hamilton District Office,OPACITY,Legislation Non-Compliance,2024-07-17,2024-07-17,20,%,6 min avg,1,84.07,84.07,Resolved w/o Actions Required,Addressed w/o Intervention,
CARMEUSE LIME (CANADA) LIMITED,Carmeuse Lime Canada Ltd. Dundas Operation,"600 HIGHWAY 5 W, HAMILTON, ON L9H 5E2",HAMILTON,Industrial Minerals,Hamilton District Office,OPACITY,Legislation Non-Compliance,2024-07-20,2024-07-20,20,%,6 min avg,1,54.31,54.31,Resolved w/o Actions Required,Addressed w/o Intervention,
CARMEUSE LIME (CANADA) LIMITED,Carmeuse Lime Canada Ltd. Dundas Operation,"600 HIGHWAY 5 W, HAMILTON, ON L9H 5E2",HAMILTON,Industrial Minerals,Hamilton District Office,OPACITY,Legislation Non-Compliance,2024-07-26,2024-07-26,20,%,6 min avg,1,62.29,62.29,Resolved w/o Actions Required,Addressed w/o Intervention,
CARMEUSE LIME (CANADA) LIMITED,Carmeuse Lime Canada Ltd. Dundas Operation,"600 HIGHWAY 5 W, HAMILTON, ON L9H 5E2",HAMILTON,Industrial Minerals,Hamilton District Office,OPACITY,Legislation Non-Compliance,2024-07-29,2024-07-29,20,%,6 min avg,1,39.46,39.46,Resolved w/o Actions Required,Addressed w/o Intervention,
CARMEUSE LIME (CANADA) LIMITED,Carmeuse Lime Canada Ltd. Dundas Operation,"600 HIGHWAY 5 W, HAMILTON, ON L9H 5E2",HAMILTON,Industrial Minerals,Hamilton District Office,OPACITY,Legislation Non-Compliance,2024-07-30,2024-07-30,20,%,6 min avg,1,51.22,51.22,Resolved w/o Actions Required,Addressed w/o Intervention,
CARMEUSE LIME (CANADA) LIMITED,Carmeuse Lime Canada Ltd. Dundas Operation,"600 HIGHWAY 5 W, HAMILTON, ON L9H 5E2",HAMILTON,Industrial Minerals,Hamilton District Office,OPACITY,Legislation Non-Compliance,2024-07-31,2024-07-31,20,%,6 min avg,1,24.18,24.18,Resolved w/o Actions Required,Addressed w/o Intervention,
CARMEUSE LIME (CANADA) LIMITED,Carmeuse Lime Canada Ltd. Dundas Operation,"600 HIGHWAY 5 W, HAMILTON, ON L9H 5E2",HAMILTON,Industrial Minerals,Hamilton District Office,OPACITY,Legislation Non-Compliance,2024-08-01,2024-08-31,20,%,6 min avg,11,20.66,80.36,Resolved w/o Actions Required,Addressed w/o Intervention,
CARMEUSE LIME (CANADA) LIMITED,Carmeuse Lime Canada Ltd. Dundas Operation,"600 HIGHWAY 5 W, HAMILTON, ON L9H 5E2",HAMILTON,Industrial Minerals,Hamilton District Office,OPACITY,Legislation Non-Compliance,2024-08-01,2024-08-31,20,%,6 min avg,9,20.11,100,Resolved w/o Actions Required,Addressed w/o Intervention,
CARMEUSE LIME (CANADA) LIMITED,Carmeuse Lime Canada Ltd. Dundas Operation,"600 HIGHWAY 5 W, HAMILTON, ON L9H 5E2",HAMILTON,Industrial Minerals,Hamilton District Office,OPACITY,Legislation Non-Compliance,2024-10-01,2024-10-31,20,%,6 min avg,9,21.16,100,Resolved w/o Actions Required,Addressed w/o Intervention,
CARMEUSE LIME (CANADA) LIMITED,Carmeuse Lime Canada Ltd. Dundas Operation,"600 HIGHWAY 5 W, HAMILTON, ON L9H 5E2",HAMILTON,Industrial Minerals,Hamilton District Office,OPACITY,Legislation Non-Compliance,2024-11-01,2024-11-30,20,%,6 min avg,4,20.48,86.83,Resolved w/o Actions Required,Addressed w/o Intervention,
CARMEUSE LIME (CANADA) LIMITED,Carmeuse Lime Canada Ltd. Dundas Operation,"600 HIGHWAY 5 W, HAMILTON, ON L9H 5E2",HAMILTON,Industrial Minerals,Hamilton District Office,OPACITY,Legislation Non-Compliance,2024-12-01,2024-12-31,20,%,6 min avg,22,21.51,72.99,Resolved w/o Actions Required,Addressed w/o Intervention,
RAIN CARBON CANADA INC.,Rain Carbon Canada Inc.,"725 STRATHEARNE AVE N, HAMILTON, ON L8H 5L3",HAMILTON,Petroleum Refining,Hamilton District Office,BENZO(A)PYRENE,Upper Risk Threshold,2024-01-19,2024-01-19,0.005,µg/m³,24 hr,1,0.0092,0.0092,Action Plan Submitted,Director’s Order,
RAIN CARBON CANADA INC.,Rain Carbon Canada Inc.,"725 STRATHEARNE AVE N, HAMILTON, ON L8H 5L3",HAMILTON,Petroleum Refining,Hamilton District Office,BENZO(A)PYRENE,Upper Risk Threshold,2024-01-31,2024-01-31,0.005,µg/m³,24 hr,1,0.0496,0.0496,Action Plan Submitted,Director’s Order,
RAIN CARBON CANADA INC.,Rain Carbon Canada Inc.,"725 STRATHEARNE AVE N, HAMILTON, ON L8H 5L3",HAMILTON,Petroleum Refining,Hamilton District Office,BENZO(A)PYRENE,Upper Risk Threshold,2024-02-12,2024-02-12,0.005,µg/m³,24 hr,1,0.0295,0.0295,Action Plan Submitted,Director’s Order,
RAIN CARBON CANADA INC.,Rain Carbon Canada Inc.,"725 STRATHEARNE AVE N, HAMILTON, ON L8H 5L3",HAMILTON,Petroleum Refining,Hamilton District Office,BENZENE,Upper Risk Threshold,2024-03-19,2024-03-19,100,µg/m³,24 hr,1,107,107,Action Plan Submitted,Director’s Order,
RAIN CARBON CANADA INC.,Rain Carbon Canada Inc.,"725 STRATHEARNE AVE N, HAMILTON, ON L8H 5L3",HAMILTON,Petroleum Refining,Hamilton District Office,BENZENE,Upper Risk Threshold,2024-05-18,2024-05-18,100,µg/m³,24 hr,1,111,111,Action Plan Submitted,Director’s Order,
RAIN CARBON CANADA INC.,Rain Carbon Canada Inc.,"725 STRATHEARNE AVE N, HAMILTON, ON L8H 5L3",HAMILTON,Petroleum Refining,Hamilton District Office,BENZO(A)PYRENE,Upper Risk Threshold,2024-05-30,2024-05-30,0.005,µg/m³,24 hr,1,0.00615,0.00615,Action Plan Submitted,Director’s Order,
RAIN CARBON CANADA INC.,Rain Carbon Canada Inc.,"725 STRATHEARNE AVE N, HAMILTON, ON L8H 5L3",HAMILTON,Petroleum Refining,Hamilton District Office,BENZO(A)PYRENE,Upper Risk Threshold,2024-06-11,2024-06-11,0.005,µg/m³,24 hr,1,0.0139,0.0139,Action Plan Submitted,Director’s Order,
RAIN CARBON CANADA INC.,Rain Carbon Canada Inc.,"725 STRATHEARNE AVE N, HAMILTON, ON L8H 5L3",HAMILTON,Petroleum Refining,Hamilton District Office,BENZO(A)PYRENE,Upper Risk Threshold,2024-07-05,2024-07-05,0.005,µg/m³,24 hr,1,0.0152,0.0152,Action Plan Submitted,Director’s Order,
RAIN CARBON CANADA INC.,Rain Carbon Canada Inc.,"725 STRATHEARNE AVE N, HAMILTON, ON L8H 5L3",HAMILTON,Petroleum Refining,Hamilton District Office,BENZENE,Upper Risk Threshold,2024-07-05,2024-07-05,100,µg/m³,24 hr,1,287,287,Action Plan Submitted,Director’s Order,
RAIN CARBON CANADA INC.,Rain Carbon Canada Inc.,"725 STRATHEARNE AVE N, HAMILTON, ON L8H 5L3",HAMILTON,Petroleum Refining,Hamilton District Office,BENZENE,Upper Risk Threshold,2024-07-17,2024-07-17,100,µg/m³,24 hr,1,120,120,Action Plan Submitted,Director’s Order,
RAIN CARBON CANADA INC.,Rain Carbon Canada Inc.,"725 STRATHEARNE AVE N, HAMILTON, ON L8H 5L3",HAMILTON,Petroleum Refining,Hamilton District Office,BENZENE,Upper Risk Threshold,2024-07-29,2024-07-29,100,µg/m³,24 hr,1,150,150,Action Plan Submitted,Director’s Order,
RAIN CARBON CANADA INC.,Rain Carbon Canada Inc.,"725 STRATHEARNE AVE N, HAMILTON, ON L8H 5L3",HAMILTON,Petroleum Refining,Hamilton District Office,BENZENE,Upper Risk Threshold,2024-08-10,2024-08-10,100,µg/m³,24 hr,1,217,217,Action Plan Submitted,Director’s Order,
RAIN CARBON CANADA INC.,Rain Carbon Canada Inc.,"725 STRATHEARNE AVE N, HAMILTON, ON L8H 5L3",HAMILTON,Petroleum Refining,Hamilton District Office,BENZENE,Upper Risk Threshold,2024-08-22,2024-08-22,100,µg/m³,24 hr,2,150,280,Action Plan Submitted,Director’s Order,
RAIN CARBON CANADA INC.,Rain Carbon Canada Inc.,"725 STRATHEARNE AVE N, HAMILTON, ON L8H 5L3",HAMILTON,Petroleum Refining,Hamilton District Office,BENZENE,Upper Risk Threshold,2024-09-03,2024-09-03,100,µg/m³,24 hr,1,397,397,Action Plan Submitted,Director’s Order,
RAIN CARBON CANADA INC.,Rain Carbon Canada Inc.,"725 STRATHEARNE AVE N, HAMILTON, ON L8H 5L3",HAMILTON,Petroleum Refining,Hamilton District Office,BENZENE,Upper Risk Threshold,2024-09-15,2024-09-15,100,µg/m³,24 hr,1,287,287,Action Plan Submitted,Director’s Order,
RAIN CARBON CANADA INC.,Rain Carbon Canada Inc.,"725 STRATHEARNE AVE N, HAMILTON, ON L8H 5L3",HAMILTON,Petroleum Refining,Hamilton District Office,BENZENE,Upper Risk Threshold,2024-09-27,2024-09-27,100,µg/m³,24 hr,1,527,527,Action Plan Submitted,Director’s Order,
RAIN CARBON CANADA INC.,Rain Carbon Canada Inc.,"725 STRATHEARNE AVE N, HAMILTON, ON L8H 5L3",HAMILTON,Petroleum Refining,Hamilton District Office,BENZENE,Upper Risk Threshold,2024-10-09,2024-10-09,100,µg/m³,24 hr,1,133,133,Action Plan Submitted,Director’s Order,
RAIN CARBON CANADA INC.,Rain Carbon Canada Inc.,"725 STRATHEARNE AVE N, HAMILTON, ON L8H 5L3",HAMILTON,Petroleum Refining,Hamilton District Office,BENZENE,Upper Risk Threshold,2024-10-21,2024-10-21,100,µg/m³,24 hr,1,306,306,Action Plan Submitted,Director’s Order,
RAIN CARBON CANADA INC.,Rain Carbon Canada Inc.,"725 STRATHEARNE AVE N, HAMILTON, ON L8H 5L3",HAMILTON,Petroleum Refining,Hamilton District Office,BENZO(A)PYRENE,Upper Risk Threshold,2024-11-14,2024-11-14,0.005,µg/m³,24 hr,1,0.0175,0.0175,Action Plan Submitted,Director’s Order,
RAIN CARBON CANADA INC.,Rain Carbon Canada Inc.,"725 STRATHEARNE AVE N, HAMILTON, ON L8H 5L3",HAMILTON,Petroleum Refining,Hamilton District Office,BENZENE,Upper Risk Threshold,2024-11-14,2024-11-14,100,µg/m³,24 hr,1,138,138,Action Plan Submitted,Director’s Order,
RAIN CARBON CANADA INC.,Rain Carbon Canada Inc.,"725 STRATHEARNE AVE N, HAMILTON, ON L8H 5L3",HAMILTON,Petroleum Refining,Hamilton District Office,BENZENE,Upper Risk Threshold,2024-11-26,2024-11-26,100,µg/m³,24 hr,1,903,903,Action Plan Submitted,Director’s Order,
RAIN CARBON CANADA INC.,Rain Carbon Canada Inc.,"725 STRATHEARNE AVE N, HAMILTON, ON L8H 5L3",HAMILTON,Petroleum Refining,Hamilton District Office,BENZENE,Upper Risk Threshold,2024-12-08,2024-12-08,100,µg/m³,24 hr,1,348,348,Action Plan Submitted,Director’s Order,
GERDAU AMERISTEEL CORPORATION,Gerdau Ameristel Corporation - Whitby,"1 GERDAU CRT, WHITBY, ON",WHITBY,Iron and Steel,York Durham District Office,SULPHUR DIOXIDE,Legislation Non-Compliance,2024-01-01,2024-12-31,100,µg/m³,1 hr avg,1,215,215,New Equipment Installed,Voluntary Compliance Underway,Based on Air Dispersion Modeling 
VALBRUNA ASW INC.,Valbruna ASW Inc.,"42 CENTRE ST, WELLAND, ON L3B 5N9",WELLAND,Iron and Steel,Niagara District Office,MANGANESE,Legislation Non-Compliance,2024-01-01,2024-12-31,0.4,µg/m³,24 hr,1,0.91,0.91,Additional Monitoring Underway,Voluntary Compliance Underway,Based on Air Dispersion Modeling 
AV TERRACE BAY INC.,AV Terrace Bay,"21 MILL RD, TERRACE BAY, ON P0T 2W0",TERRACE BAY,Pulp and Paper,Thunder Bay District Office,OPACITY,Approval/Permit Non-Compliance,2024-01-02,2024-01-02,20,%,6 min avg,1,38,38,Resolved w/o Actions Required,Addressed w/o Intervention,
STELCO INC.,Stelco Hamilton Works,"386 WILCOX ST, HAMILTON, ON L8N 3T1",HAMILTON,Iron and Steel,Hamilton District Office,OPACITY,Legislation Non-Compliance,2024-02-01,2024-02-29,20,%,6 min avg,24,21,49,Equipment Modified/Repaired,Tech. Standard in Development,
STELCO INC.,Stelco Hamilton Works,"386 WILCOX ST, HAMILTON, ON L8N 3T1",HAMILTON,Iron and Steel,Hamilton District Office,OPACITY,Legislation Non-Compliance,2024-03-01,2024-03-31,20,%,6 min avg,28,21,48,Equipment Modified/Repaired,Tech. Standard in Development,
STELCO INC.,Stelco Hamilton Works,"386 WILCOX ST, HAMILTON, ON L8N 3T1",HAMILTON,Iron and Steel,Hamilton District Office,OPACITY,Legislation Non-Compliance,2024-04-01,2024-04-30,20,%,6 min avg,27,21,85,Equipment Modified/Repaired,Tech. Standard in Development,
STELCO INC.,Stelco Hamilton Works,"386 WILCOX ST, HAMILTON, ON L8N 3T1",HAMILTON,Iron and Steel,Hamilton District Office,MANGANESE,Approval/Permit Non-Compliance,2024-04-25,2024-04-25,0.4,µg/m³,24 hr,1,1.5,1.5,Technical Standard Requested,Tech. Standard in Development,Based on Air Dispersion Modeling 
STELCO INC.,Stelco Hamilton Works,"386 WILCOX ST, HAMILTON, ON L8N 3T1",HAMILTON,Iron and Steel,Hamilton District Office,OPACITY,Legislation Non-Compliance,2024-05-01,2024-05-31,20,%,6 min avg,26,21,56,Equipment Modified/Repaired,Tech. Standard in Development,
STELCO INC.,Stelco Hamilton Works,"386 WILCOX ST, HAMILTON, ON L8N 3T1",HAMILTON,Iron and Steel,Hamilton District Office,OPACITY,Legislation Non-Compliance,2024-06-01,2024-06-30,20,%,6 min avg,23,21,57,Equipment Modified/Repaired,Tech. Standard in Development,
STELCO INC.,Stelco Hamilton Works,"386 WILCOX ST, HAMILTON, ON L8N 3T1",HAMILTON,Iron and Steel,Hamilton District Office,OPACITY,Legislation Non-Compliance,2024-07-01,2024-07-31,20,%,6 min avg,25,21,85,Equipment Modified/Repaired,Voluntary Compliance Underway,
STELCO INC.,Stelco Hamilton Works,"386 WILCOX ST, HAMILTON, ON L8N 3T1",HAMILTON,Iron and Steel,Hamilton District Office,OPACITY,Legislation Non-Compliance,2024-07-01,2024-07-31,20,%,6 min avg,25,21,73,Equipment Modified/Repaired,Tech. Standard in Development,
STELCO INC.,Stelco Hamilton Works,"386 WILCOX ST, HAMILTON, ON L8N 3T1",HAMILTON,Iron and Steel,Hamilton District Office,OPACITY,Legislation Non-Compliance,2024-08-01,2024-08-31,20,%,6 min avg,29,21,99,Equipment Modified/Repaired,Tech. Standard in Development,
STELCO INC.,Stelco Hamilton Works,"386 WILCOX ST, HAMILTON, ON L8N 3T1",HAMILTON,Iron and Steel,Hamilton District Office,OPACITY,Legislation Non-Compliance,2024-09-01,2024-09-30,20,%,6 min avg,28,21,97,Equipment Modified/Repaired,Tech. Standard in Development,
STELCO INC.,Stelco Hamilton Works,"386 WILCOX ST, HAMILTON, ON L8N 3T1",HAMILTON,Iron and Steel,Hamilton District Office,OPACITY,Legislation Non-Compliance,2024-10-01,2024-10-31,20,%,6 min avg,31,21,99,Equipment Modified/Repaired,Tech. Standard in Development,
STELCO INC.,Stelco Hamilton Works,"386 WILCOX ST, HAMILTON, ON L8N 3T1",HAMILTON,Iron and Steel,Hamilton District Office,OPACITY,Legislation Non-Compliance,2024-11-01,2024-11-30,20,%,6 min avg,9,21,99,Equipment Modified/Repaired,Tech. Standard in Development,
STELCO INC.,Stelco Hamilton Works,"386 WILCOX ST, HAMILTON, ON L8N 3T1",HAMILTON,Iron and Steel,Hamilton District Office,OPACITY,Legislation Non-Compliance,2024-12-01,2024-12-31,20,%,6 min avg,31,21,91,Equipment Modified/Repaired,Tech. Standard in Development,
STELCO INC.,Stelco Lake Erie Works,"2330 REGIONAL RD 3, HALDIMAND COUNTY, ON N0A 1L0",HALDIMAND COUNTY,Iron and Steel,Hamilton District Office,OPACITY,Legislation Non-Compliance,2024-01-01,2024-01-31,20,%,6 min avg,19,21,84,Equipment Modified/Repaired,Tech. Standard in Development,
STELCO INC.,Stelco Lake Erie Works,"2330 REGIONAL RD 3, HALDIMAND COUNTY, ON N0A 1L0",HALDIMAND COUNTY,Iron and Steel,Hamilton District Office,OPACITY,Legislation Non-Compliance,2024-02-01,2024-02-29,20,%,6 min avg,11,21,77,Equipment Modified/Repaired,Tech. Standard in Development,
STELCO INC.,Stelco Lake Erie Works,"2330 REGIONAL RD 3, HALDIMAND COUNTY, ON N0A 1L0",HALDIMAND COUNTY,Iron and Steel,Hamilton District Office,OPACITY,Legislation Non-Compliance,2024-03-01,2024-03-21,20,%,6 min avg,17,21,67,Equipment Modified/Repaired,Tech. Standard in Development,
STELCO INC.,Stelco Lake Erie Works,"2330 REGIONAL RD 3, HALDIMAND COUNTY, ON N0A 1L0",HALDIMAND COUNTY,Iron and Steel,Hamilton District Office,OPACITY,Legislation Non-Compliance,2024-04-01,2024-04-30,20,%,6 min avg,16,21,92,Equipment Modified/Repaired,Tech. Standard in Development,
STELCO INC.,Stelco Lake Erie Works,"2330 REGIONAL RD 3, HALDIMAND COUNTY, ON N0A 1L0",HALDIMAND COUNTY,Iron and Steel,Hamilton District Office,OPACITY,Legislation Non-Compliance,2024-05-01,2024-05-31,20,%,6 min avg,18,21,57,Equipment Modified/Repaired,Tech. Standard in Development,
STELCO INC.,Stelco Lake Erie Works,"2330 REGIONAL RD 3, HALDIMAND COUNTY, ON N0A 1L0",HALDIMAND COUNTY,Iron and Steel,Hamilton District Office,OPACITY,Legislation Non-Compliance,2024-06-01,2024-06-30,20,%,6 min avg,20,21,46,Equipment Modified/Repaired,Tech. Standard in Development,
STELCO INC.,Stelco Lake Erie Works,"2330 REGIONAL RD 3, HALDIMAND COUNTY, ON N0A 1L0",HALDIMAND COUNTY,Iron and Steel,Hamilton District Office,OPACITY,Legislation Non-Compliance,2024-07-01,2024-07-31,20,%,6 min avg,31,21,65,Equipment Modified/Repaired,Tech. Standard in Development,
STELCO INC.,Stelco Lake Erie Works,"2330 REGIONAL RD 3, HALDIMAND COUNTY, ON N0A 1L0",HALDIMAND COUNTY,Iron and Steel,Hamilton District Office,OPACITY,Legislation Non-Compliance,2024-08-01,2024-08-31,20,%,6 min avg,21,21,38,Equipment Modified/Repaired,Tech. Standard in Development,
STELCO INC.,Stelco Lake Erie Works,"2330 REGIONAL RD 3, HALDIMAND COUNTY, ON N0A 1L0",HALDIMAND COUNTY,Iron and Steel,Hamilton District Office,OPACITY,Legislation Non-Compliance,2024-09-01,2024-09-30,20,%,6 min avg,3,21,59,Equipment Modified/Repaired,Tech. Standard in Development,
STELCO INC.,Stelco Lake Erie Works,"2330 REGIONAL RD 3, HALDIMAND COUNTY, ON N0A 1L0",HALDIMAND COUNTY,Iron and Steel,Hamilton District Office,OPACITY,Legislation Non-Compliance,2024-12-01,2024-12-31,20,%,6 min avg,3,21,46,Equipment Modified/Repaired,Tech. Standard in Development,
ROXUL INC.,Roxul Inc.,"805 STEELES AVE E, MILTON, ON L9T 5H3",MILTON,Miscellaneous Industrial,Halton-Peel District Office,SULPHUR DIOXIDE,Legislation Non-Compliance,2024-05-29,2024-05-29,100,µg/m³,1 hr avg,1,225.4,225.4,Action Plan Submitted,Voluntary Compliance Underway,
ROXUL INC.,Roxul Inc.,"805 STEELES AVE E, MILTON, ON L9T 5H3",MILTON,Miscellaneous Industrial,Halton-Peel District Office,SULPHUR DIOXIDE,Legislation Non-Compliance,2024-07-23,2024-07-23,100,µg/m³,1 hr avg,1,142.5,142.5,Action Plan Submitted,Voluntary Compliance Underway,
ROXUL INC.,Roxul Inc.,"805 STEELES AVE E, MILTON, ON L9T 5H3",MILTON,Miscellaneous Industrial,Halton-Peel District Office,SULPHUR DIOXIDE,Legislation Non-Compliance,2024-08-02,2024-08-02,100,µg/m³,1 hr avg,1,105.8,105.8,Action Plan Submitted,Voluntary Compliance Underway,
ROXUL INC.,Roxul Inc.,"805 STEELES AVE E, MILTON, ON L9T 5H3",MILTON,Miscellaneous Industrial,Halton-Peel District Office,SULPHUR DIOXIDE,Legislation Non-Compliance,2024-09-15,2024-09-15,100,µg/m³,1 hr avg,1,147,147,Action Plan Submitted,Voluntary Compliance Underway,
ROXUL INC.,Roxul Inc.,"805 STEELES AVE E, MILTON, ON L9T 5H3",MILTON,Miscellaneous Industrial,Halton-Peel District Office,SULPHUR DIOXIDE,Legislation Non-Compliance,2024-11-03,2024-11-03,100,µg/m³,1 hr avg,1,102,102,Action Plan Submitted,Voluntary Compliance Underway,
OWENS CORNING INSULATING SYSTEMS CANADA GP INC.,Owens Corning Insulating Systems Canada LP,"3450 MCNICOLL AVE, TORONTO, ON M1V 5J7",TORONTO,Miscellaneous Industrial,Toronto District Office,HEXAVALENT CHROMIUM,Legislation Non-Compliance,2024-01-01,2024-12-31,0.00014,µg/m³,annual avg,1,0.1924,0.1924,Action Plan Submitted,Voluntary Compliance Underway,Based on Air Dispersion Modeling 
INEOS STYROLUTION CANADA LTD.,INEOS Styrolution Canada Ltd.,"872 TASHMOO AVE, SARNIA, ON",SARNIA,Organic Chemicals Manufacturing,Sarnia District Office,BENZENE,Legislation Non-Compliance,2024-02-24,2024-02-24,28,µg/m³,/hr,1,343.056,343.056,Resolved w/o Actions Required,Director’s Order,
INEOS STYROLUTION CANADA LTD.,INEOS Styrolution Canada Ltd.,"872 TASHMOO AVE, SARNIA, ON",SARNIA,Organic Chemicals Manufacturing,Sarnia District Office,BENZENE,Legislation Non-Compliance,2024-08-28,2024-08-28,90,µg/m³,/hr,1,125.65,125.65,Training Procedure Change,Director’s Order,
INEOS STYROLUTION CANADA LTD.,INEOS Styrolution Canada Ltd.,"872 TASHMOO AVE, SARNIA, ON",SARNIA,Organic Chemicals Manufacturing,Sarnia District Office,BENZENE,Legislation Non-Compliance,2024-09-10,2024-09-24,14,µg/m³,/2 wk,1,20.7,20.7,Equipment Modified/Repaired,Director’s Order,
INEOS STYROLUTION CANADA LTD.,INEOS Styrolution Canada Ltd.,"872 TASHMOO AVE, SARNIA, ON",SARNIA,Organic Chemicals Manufacturing,Sarnia District Office,BENZENE,Legislation Non-Compliance,2024-09-10,2024-09-24,14,µg/m³,/2 wk,1,16,16,Equipment Modified/Repaired,Director’s Order,
INEOS STYROLUTION CANADA LTD.,INEOS Styrolution Canada Ltd.,"872 TASHMOO AVE, SARNIA, ON",SARNIA,Organic Chemicals Manufacturing,Sarnia District Office,BENZENE,Legislation Non-Compliance,2024-09-24,2024-10-08,14,µg/m³,/2 wk,1,21.3,21.3,Equipment Modified/Repaired,Director’s Order,
INEOS STYROLUTION CANADA LTD.,INEOS Styrolution Canada Ltd.,"872 TASHMOO AVE, SARNIA, ON",SARNIA,Organic Chemicals Manufacturing,Sarnia District Office,BENZENE,Legislation Non-Compliance,2024-09-26,2024-09-26,90,µg/m³,1 hr avg,1,94.68,94.68,Equipment Modified/Repaired,Director’s Order,
INEOS STYROLUTION CANADA LTD.,INEOS Styrolution Canada Ltd.,"872 TASHMOO AVE, SARNIA, ON",SARNIA,Organic Chemicals Manufacturing,Sarnia District Office,BENZENE,Legislation Non-Compliance,2024-09-26,2024-09-27,30,µg/m³,24 hr rolling avg,1,67.53,67.53,Equipment Modified/Repaired,Director’s Order,
INEOS STYROLUTION CANADA LTD.,INEOS Styrolution Canada Ltd.,"872 TASHMOO AVE, SARNIA, ON",SARNIA,Organic Chemicals Manufacturing,Sarnia District Office,BENZENE,Legislation Non-Compliance,2024-09-26,2024-09-26,90,µg/m³,1 hr avg,1,95.22,95.22,Equipment Modified/Repaired,Director’s Order,
INEOS STYROLUTION CANADA LTD.,INEOS Styrolution Canada Ltd.,"872 TASHMOO AVE, SARNIA, ON",SARNIA,Organic Chemicals Manufacturing,Sarnia District Office,BENZENE,Legislation Non-Compliance,2024-09-26,2024-09-26,90,µg/m³,1 hr avg,1,101.98,101.98,Equipment Modified/Repaired,Director’s Order,
INEOS STYROLUTION CANADA LTD.,INEOS Styrolution Canada Ltd.,"872 TASHMOO AVE, SARNIA, ON",SARNIA,Organic Chemicals Manufacturing,Sarnia District Office,BENZENE,Legislation Non-Compliance,2024-09-26,2024-09-26,90,µg/m³,1 hr avg,1,126.23,126.23,Equipment Modified/Repaired,Director’s Order,
INEOS STYROLUTION CANADA LTD.,INEOS Styrolution Canada Ltd.,"872 TASHMOO AVE, SARNIA, ON",SARNIA,Organic Chemicals Manufacturing,Sarnia District Office,BENZENE,Legislation Non-Compliance,2024-09-26,2024-09-26,90,µg/m³,1 hr avg,1,98.83,98.83,Equipment Modified/Repaired,Director’s Order,
INEOS STYROLUTION CANADA LTD.,INEOS Styrolution Canada Ltd.,"872 TASHMOO AVE, SARNIA, ON",SARNIA,Organic Chemicals Manufacturing,Sarnia District Office,BENZENE,Legislation Non-Compliance,2024-10-01,2024-10-04,90,µg/m³,/hr,7,93.4,149.23,Equipment Modified/Repaired,Director’s Order,
INEOS STYROLUTION CANADA LTD.,INEOS Styrolution Canada Ltd.,"872 TASHMOO AVE, SARNIA, ON",SARNIA,Organic Chemicals Manufacturing,Sarnia District Office,BENZENE,Legislation Non-Compliance,2024-10-01,2024-10-01,90,µg/m³,1 hr avg,1,108.84,108.84,Equipment Modified/Repaired,Director’s Order,
INEOS STYROLUTION CANADA LTD.,INEOS Styrolution Canada Ltd.,"872 TASHMOO AVE, SARNIA, ON",SARNIA,Organic Chemicals Manufacturing,Sarnia District Office,BENZENE,Legislation Non-Compliance,2024-10-01,2024-10-01,90,µg/m³,1 hr avg,1,93.4,93.4,Equipment Modified/Repaired,Director’s Order,
INEOS STYROLUTION CANADA LTD.,INEOS Styrolution Canada Ltd.,"872 TASHMOO AVE, SARNIA, ON",SARNIA,Organic Chemicals Manufacturing,Sarnia District Office,BENZENE,Legislation Non-Compliance,2024-10-03,2024-10-03,90,µg/m³,/hr,1,120.23,120.23,Equipment Modified/Repaired,Director’s Order,
INEOS STYROLUTION CANADA LTD.,INEOS Styrolution Canada Ltd.,"872 TASHMOO AVE, SARNIA, ON",SARNIA,Organic Chemicals Manufacturing,Sarnia District Office,BENZENE,Legislation Non-Compliance,2024-10-30,2024-10-30,90,µg/m³,/hr,1,128.72,128.72,Equipment Modified/Repaired,Director’s Order,
INEOS STYROLUTION CANADA LTD.,INEOS Styrolution Canada Ltd.,"872 TASHMOO AVE, SARNIA, ON",SARNIA,Organic Chemicals Manufacturing,Sarnia District Office,BENZENE,Legislation Non-Compliance,2024-11-18,2024-11-18,90,µg/m³,1 hr,1,161.99,161.99,Equipment Modified/Repaired,Director’s Order,
GLENCORE CANADA CORPORATION,Glencore Smelter,"2 Long Year Drive, Falconbridge, Ontario, P0M 1S0",GREATER SUDBURY,Industrial Minerals,Sudbury District Office,CADMIUM,Site-Specific Standard,2024-11-14,2024-11-15,0.061,µg/m³,24 hr,1,0.143,0.143,Action Plan Submitted,Assessment Underway,
MAPLE LEAF FOODS INC. LES ALIMENTS MAPLE LEAF INC.,Maple Leaf Foods Inc. - Brampton facility,"97 WALKER DR, BRAMPTON, ON L6T 4Z3",BRAMPTON,Miscellaneous Industrial,Halton-Peel District Office,NITROGEN OXIDES,Legislation Non-Compliance,2024-01-01,2024-03-31,400,mg/m³,Peak Hourly Flow Rate,1,643.6,643.6,Action Plan Submitted,Voluntary Compliance Underway,Based on Air Dispersion Modeling 
INGREDION CANADA CORPORATION,Ingredion Canada Corp.,"1100 GREEN VALLEY RD, LONDON, ON",LONDON,Miscellaneous Industrial,London District Office,SULPHUR DIOXIDE,Legislation Non-Compliance,2024-02-06,2024-02-06,100,µg/m³,/hr,1,312,312,Action Plan Submitted,Voluntary Compliance Underway,Based on Air Dispersion Modeling 
OXY VINYLS CANADA CO.,OXY VINYLS CANADA CO.,"8800 THOROLD TOWNLINE RD, NIAGARA FALLS, ON L2E 6V9",NIAGARA FALLS,Organic Chemicals Manufacturing,Niagara District Office,VINYL CHLORIDE,Site-Specific Standard,2024-04-12,2024-04-13,30,µg/m³,24 hr,1,40,40,Conducting Study,Assessment Underway,
SUNCOR ENERGY INC./SUNCOR ENERGIE INC.,Suncor Energy Product Partnership (Sarnia Refinery),"1900 RIVER RD, SARNIA, ON N7T 7J3",SARNIA,Petroleum Refining,Sarnia District Office,SULPHUR DIOXIDE,Legislation Non-Compliance,2024-04-02,2024-04-03,225,kg/d,24 hr,1,1585,1585,Penalty Paid,Penalty Order,
SUNCOR ENERGY INC./SUNCOR ENERGIE INC.,Suncor Energy Product Partnership (Sarnia Refinery),"1900 RIVER RD, SARNIA, ON N7T 7J3",SARNIA,Petroleum Refining,Sarnia District Office,SULPHUR DIOXIDE,Upper Risk Threshold,2024-11-26,2024-11-26,690,µg/m³,1 hr,4,1054.61,1723.42,Equipment Modified/Repaired,Voluntary Compliance Underway,Based on Air Dispersion Modeling 
ST. MARYS CEMENT INC. (CANADA),St. Marys Cement (St. Marys),"585 WATER ST S, ST. MARYS, ON N0M 2G0",ST. MARYS,Industrial Minerals,London District Office,SULPHUR DIOXIDE,Legislation Non-Compliance,2024-05-03,2024-05-08,100,µg/m³,/hr,3,109.4,121.45,Action Plan Submitted,Assessment Underway,Based on Air Dispersion Modeling 
ST. MARYS CEMENT INC. (CANADA),St. Marys Cement (St. Marys),"585 WATER ST S, ST. MARYS, ON N0M 2G0",ST. MARYS,Industrial Minerals,London District Office,SULPHUR DIOXIDE,Legislation Non-Compliance,2024-05-14,2024-05-15,100,µg/m³,/hr,2,117.3,123.5,Action Plan Submitted,Assessment Underway,Based on Air Dispersion Modeling 
ST. MARYS CEMENT INC. (CANADA),St. Marys Cement (St. Marys),"585 WATER ST S, ST. MARYS, ON N0M 2G0",ST. MARYS,Industrial Minerals,London District Office,SULPHUR DIOXIDE,Legislation Non-Compliance,2024-06-05,2024-06-06,100,µg/m³,/hr,2,123.5,123.5,Action Plan Submitted,Assessment Underway,Based on Air Dispersion Modeling 
ST. MARYS CEMENT INC. (CANADA),St. Marys Cement (St. Marys),"585 WATER ST S, ST. MARYS, ON N0M 2G0",ST. MARYS,Industrial Minerals,London District Office,OPACITY,Legislation Non-Compliance,2024-06-20,2024-06-20,20,%,6 min avg,1,61.7,61.7,Action Plan Submitted,Assessment Underway,
ST. MARYS CEMENT INC. (CANADA),St. Marys Cement (Clarington),"410 BOWMANVILLE AVE, BOWMANVILLE, CLARINGTON, ON L1C 7B5",CLARINGTON,Industrial Minerals,York Durham District Office,NITROGEN OXIDES,Legislation Non-Compliance,2024-02-04,2024-12-31,400,µg/m³,1 hr,1,677.1,677.1,Action Plan Submitted,Voluntary Compliance Underway,Based on Air Dispersion Modeling 
ST. MARYS CEMENT INC. (CANADA),St. Marys Cement (Clarington),"410 BOWMANVILLE AVE, BOWMANVILLE, CLARINGTON, ON L1C 7B5",CLARINGTON,Industrial Minerals,York Durham District Office,OPACITY,Legislation Non-Compliance,2024-04-14,2024-04-14,20,%,6 min avg,1,23,23,Equipment Modified/Repaired,Addressed w/o Intervention,
ST. MARYS CEMENT INC. (CANADA),St. Marys Cement (Clarington),"410 BOWMANVILLE AVE, BOWMANVILLE, CLARINGTON, ON L1C 7B5",CLARINGTON,Industrial Minerals,York Durham District Office,OPACITY,Legislation Non-Compliance,2024-04-20,2024-04-20,20,%,6 min avg,1,40,40,Ceased Operations,Voluntary Compliance Underway,
ST. MARYS CEMENT INC. (CANADA),St. Marys Cement (Clarington),"410 BOWMANVILLE AVE, BOWMANVILLE, CLARINGTON, ON L1C 7B5",CLARINGTON,Industrial Minerals,York Durham District Office,OPACITY,Legislation Non-Compliance,2024-07-31,2024-07-31,20,%,6 min avg,1,21.15,21.15,Equipment Modified/Repaired,Voluntary Compliance Underway,
DOW CHEMICAL CANADA ULC,Dow Retained Lands,"1425 VIDAL ST S, SARNIA, ON N7T 7Y2",SARNIA,Organic Chemicals Manufacturing,Sarnia District Office,VINYL CHLORIDE,Legislation Non-Compliance,2024-04-04,2024-04-16,1,µg/m³,24 hr,7,1.16,5.38,Action Plan Submitted,Assessment Underway,Based on Air Dispersion Modeling 
HARLIN PLATING INC.,HARLIN PLATING FACILITY,"17 MCEWAN DR W, UNIT 8, BOLTON, CALEDON, ON L7E 1H5",CALEDON,Miscellaneous Industrial,Halton-Peel District Office,HEXAVALENT CHROMIUM,Legislation Non-Compliance,2024-01-01,2024-12-31,0.00014,µg/m³,annual,1,0.0023,0.0023,Technical Standard Requested,Voluntary Compliance Underway,Based on Air Dispersion Modeling 
"STERICYCLE, ULC","Stericycle, ULC 95 Deerhurst Dr","95 DEERHURST DR, BRAMPTON, ON L6T 5R7",BRAMPTON,Miscellaneous Industrial,Halton-Peel District Office,CARBON MONOXIDE,Approval/Permit Non-Compliance,2024-07-01,2024-09-30,9,mg/m³,rolling avg,2,19.4,21,Equipment Modified/Repaired,Addressed w/o Intervention,
SHELL CANADA LIMITED AND SHELL CANADA OP INC. CARRYING ON BUSINESS UNDER THE PARTNERSHIP FIRM NAME SHELL CANADA PRODUCTS,Shell Canada Products - Lambton Facility,"150 ST. CLAIR PKY, ST. CLAIR, ON N0N 1J0",ST. CLAIR,Petroleum Refining,Sarnia District Office,SULPHUR DIOXIDE,Legislation Non-Compliance,2024-06-03,2024-06-04,225,kg/d,24 hr,1,33009,33009,Penalty Paid,Penalty Order,
ARCELORMITTAL CANADA INC. AND ARCELORMITTAL CANADA MP INC. ARCELORMITTAL CANADA PM INC. CARRYING ON,ArcelorMittal Dofasco - 1330 BURLINGTON ST E,"1330 BURLINGTON ST E, HAMILTON, ON L8N 3J5",HAMILTON,Iron and Steel,Hamilton District Office,OPACITY,Legislation Non-Compliance,2024-01-01,2024-01-31,20,%,6 min avg,31,21,57,Operational Process Modified,Tech. Standard in Development,
ARCELORMITTAL CANADA INC. AND ARCELORMITTAL CANADA MP INC. ARCELORMITTAL CANADA PM INC. CARRYING ON,ArcelorMittal Dofasco - 1330 BURLINGTON ST E,"1330 BURLINGTON ST E, HAMILTON, ON L8N 3J5",HAMILTON,Iron and Steel,Hamilton District Office,OPACITY,Legislation Non-Compliance,2024-02-01,2024-02-29,20,%,6 min avg,29,21,54,Operational Process Modified,Tech. Standard in Development,
ARCELORMITTAL CANADA INC. AND ARCELORMITTAL CANADA MP INC. ARCELORMITTAL CANADA PM INC. CARRYING ON,ArcelorMittal Dofasco - 1330 BURLINGTON ST E,"1330 BURLINGTON ST E, HAMILTON, ON L8N 3J5",HAMILTON,Iron and Steel,Hamilton District Office,OPACITY,Legislation Non-Compliance,2024-03-01,2024-03-31,20,%,6 min avg,31,21,53,Operational Process Modified,Tech. Standard in Development,
ARCELORMITTAL CANADA INC. AND ARCELORMITTAL CANADA MP INC. ARCELORMITTAL CANADA PM INC. CARRYING ON,ArcelorMittal Dofasco - 1330 BURLINGTON ST E,"1330 BURLINGTON ST E, HAMILTON, ON L8N 3J5",HAMILTON,Iron and Steel,Hamilton District Office,OPACITY,Legislation Non-Compliance,2024-04-01,2024-04-30,20,%,6 min avg,30,21,50,Operational Process Modified,Tech. Standard in Development,
ARCELORMITTAL CANADA INC. AND ARCELORMITTAL CANADA MP INC. ARCELORMITTAL CANADA PM INC. CARRYING ON,ArcelorMittal Dofasco - 1330 BURLINGTON ST E,"1330 BURLINGTON ST E, HAMILTON, ON L8N 3J5",HAMILTON,Iron and Steel,Hamilton District Office,VISIBLE EMISSION,Approval/Permit Non-Compliance,2024-04-05,2024-05-28,4,%,30 day rolling avg,17,4.1,4.4,Equipment Modified/Repaired,Tech. Standard in Development,
ARCELORMITTAL CANADA INC. AND ARCELORMITTAL CANADA MP INC. ARCELORMITTAL CANADA PM INC. CARRYING ON,ArcelorMittal Dofasco - 1330 BURLINGTON ST E,"1330 BURLINGTON ST E, HAMILTON, ON L8N 3J5",HAMILTON,Iron and Steel,Hamilton District Office,OPACITY,Legislation Non-Compliance,2024-05-01,2024-05-31,20,%,6 min avg,31,21,54,Operational Process Modified,Tech. Standard in Development,
ARCELORMITTAL CANADA INC. AND ARCELORMITTAL CANADA MP INC. ARCELORMITTAL CANADA PM INC. CARRYING ON,ArcelorMittal Dofasco - 1330 BURLINGTON ST E,"1330 BURLINGTON ST E, HAMILTON, ON L8N 3J5",HAMILTON,Iron and Steel,Hamilton District Office,OPACITY,Legislation Non-Compliance,2024-06-01,2024-06-30,20,%,6 min avg,30,21,51,Operational Process Modified,Tech. Standard in Development,
ARCELORMITTAL CANADA INC. AND ARCELORMITTAL CANADA MP INC. ARCELORMITTAL CANADA PM INC. CARRYING ON,ArcelorMittal Dofasco - 1330 BURLINGTON ST E,"1330 BURLINGTON ST E, HAMILTON, ON L8N 3J5",HAMILTON,Iron and Steel,Hamilton District Office,OPACITY,Legislation Non-Compliance,2024-07-01,2024-07-31,20,%,6 min avg,31,21,53,Operational Process Modified,Tech. Standard in Development,
ARCELORMITTAL CANADA INC. AND ARCELORMITTAL CANADA MP INC. ARCELORMITTAL CANADA PM INC. CARRYING ON,ArcelorMittal Dofasco - 1330 BURLINGTON ST E,"1330 BURLINGTON ST E, HAMILTON, ON L8N 3J5",HAMILTON,Iron and Steel,Hamilton District Office,VISIBLE EMISSION,Approval/Permit Non-Compliance,2024-07-05,2024-08-18,2.5,%,30 day rolling avg,2,2.6,2.6,Equipment Modified/Repaired,Tech. Standard in Development,
ARCELORMITTAL CANADA INC. AND ARCELORMITTAL CANADA MP INC. ARCELORMITTAL CANADA PM INC. CARRYING ON,ArcelorMittal Dofasco - 1330 BURLINGTON ST E,"1330 BURLINGTON ST E, HAMILTON, ON L8N 3J5",HAMILTON,Iron and Steel,Hamilton District Office,OPACITY,Legislation Non-Compliance,2024-08-01,2024-08-31,20,%,6 min avg,31,21,62,Operational Process Modified,Tech. Standard in Development,
ARCELORMITTAL CANADA INC. AND ARCELORMITTAL CANADA MP INC. ARCELORMITTAL CANADA PM INC. CARRYING ON,ArcelorMittal Dofasco - 1330 BURLINGTON ST E,"1330 BURLINGTON ST E, HAMILTON, ON L8N 3J5",HAMILTON,Iron and Steel,Hamilton District Office,OPACITY,Legislation Non-Compliance,2024-09-01,2024-09-30,20,%,6 min avg,30,21,58,Operational Process Modified,Tech. Standard in Development,
ARCELORMITTAL CANADA INC. AND ARCELORMITTAL CANADA MP INC. ARCELORMITTAL CANADA PM INC. CARRYING ON,ArcelorMittal Dofasco - 1330 BURLINGTON ST E,"1330 BURLINGTON ST E, HAMILTON, ON L8N 3J5",HAMILTON,Iron and Steel,Hamilton District Office,OPACITY,Legislation Non-Compliance,2024-10-01,2024-10-31,20,%,6 min avg,31,21,82,Operational Process Modified,Tech. Standard in Development,
ARCELORMITTAL CANADA INC. AND ARCELORMITTAL CANADA MP INC. ARCELORMITTAL CANADA PM INC. CARRYING ON,ArcelorMittal Dofasco - 1330 BURLINGTON ST E,"1330 BURLINGTON ST E, HAMILTON, ON L8N 3J5",HAMILTON,Iron and Steel,Hamilton District Office,OPACITY,Legislation Non-Compliance,2024-11-01,2024-11-30,20,%,6 min avg,30,21,48,Operational Process Modified,Tech. Standard in Development,
ARCELORMITTAL CANADA INC. AND ARCELORMITTAL CANADA MP INC. ARCELORMITTAL CANADA PM INC. CARRYING ON,ArcelorMittal Dofasco - 1330 BURLINGTON ST E,"1330 BURLINGTON ST E, HAMILTON, ON L8N 3J5",HAMILTON,Iron and Steel,Hamilton District Office,OPACITY,Legislation Non-Compliance,2024-12-01,2024-12-31,20,%,6 min avg,31,21,56,Operational Process Modified,Tech. Standard in Development,
GROUPE CRH CANADA INC./CRH CANADA GROUP INC.,Mississauga Cement Plant (Ash Grove),"2391 LAKESHORE RD W, MISSISSAUGA, ON",MISSISSAUGA,Industrial Minerals,Halton-Peel District Office,NITROGEN OXIDES,Legislation Non-Compliance,2024-01-01,2024-12-31,400,µg/m³,/hr,1,1653,1653,Technical Standard Requested,Tech. Standard in Development,Based on Air Dispersion Modeling 
GROUPE CRH CANADA INC./CRH CANADA GROUP INC.,Mississauga Cement Plant (Ash Grove),"2391 LAKESHORE RD W, MISSISSAUGA, ON",MISSISSAUGA,Industrial Minerals,Halton-Peel District Office,SULPHUR DIOXIDE,Legislation Non-Compliance,2024-01-01,2024-12-31,100,µg/m³,/hr,1,1256,1256,Technical Standard Requested,Tech. Standard in Development,Based on Air Dispersion Modeling 
GROUPE CRH CANADA INC./CRH CANADA GROUP INC.,Mississauga Cement Plant (Ash Grove),"2391 LAKESHORE RD W, MISSISSAUGA, ON",MISSISSAUGA,Industrial Minerals,Halton-Peel District Office,OPACITY,Legislation Non-Compliance,2024-02-28,2024-02-28,20,%,6 min avg,1,22,22,Equipment Modified/Repaired,Addressed w/o Intervention,
GROUPE CRH CANADA INC./CRH CANADA GROUP INC.,Mississauga Cement Plant (Ash Grove),"2391 LAKESHORE RD W, MISSISSAUGA, ON",MISSISSAUGA,Industrial Minerals,Halton-Peel District Office,SUSPENDED PARTICULATE MATTER,Approval/Permit Non-Compliance,2024-06-04,2024-06-06,15,mg/Nm³,avg of 3 consecutive samples,1,20.2,20.2,Equipment Modified/Repaired,Event Resolved,
GROUPE CRH CANADA INC./CRH CANADA GROUP INC.,Mississauga Cement Plant (Ash Grove),"2391 LAKESHORE RD W, MISSISSAUGA, ON",MISSISSAUGA,Industrial Minerals,Halton-Peel District Office,CARBON MONOXIDE,Legislation Non-Compliance,2024-11-08,2024-12-31,6000,µg/m³,Other,1,6653,6653,Action Plan Submitted,Assessment Underway,Based on Air Dispersion Modeling 
GROUPE CRH CANADA INC./CRH CANADA GROUP INC.,Mississauga Cement Plant (Ash Grove),"2391 LAKESHORE RD W, MISSISSAUGA, ON",MISSISSAUGA,Industrial Minerals,Halton-Peel District Office,OPACITY,Legislation Non-Compliance,2024-12-23,2024-12-23,20,%,6 min avg,1,55,55,Operational Process Modified,Event Resolved,
HEIDELBERG MATERIALS CANADA LIMITED,HEIDELBERG MATERIALS CANADA LIMITED (PICTON FACILITY),"1370 HWY 49, PRINCE EDWARD COUNTY, ON K0K 2T0",PRINCE EDWARD COUNTY,Industrial Minerals,Belleville Area Office,OPACITY,Legislation Non-Compliance,2024-01-13,2024-01-13,20,%,6 min avg,1,90.2,90.2,Equipment Modified/Repaired,Event Resolved,
HEIDELBERG MATERIALS CANADA LIMITED,HEIDELBERG MATERIALS CANADA LIMITED (PICTON FACILITY),"1370 HWY 49, PRINCE EDWARD COUNTY, ON K0K 2T0",PRINCE EDWARD COUNTY,Industrial Minerals,Belleville Area Office,OPACITY,Legislation Non-Compliance,2024-01-16,2024-01-16,20,%,6 min avg,1,30.1,30.1,Equipment Modified/Repaired,Event Resolved,
HEIDELBERG MATERIALS CANADA LIMITED,HEIDELBERG MATERIALS CANADA LIMITED (PICTON FACILITY),"1370 HWY 49, PRINCE EDWARD COUNTY, ON K0K 2T0",PRINCE EDWARD COUNTY,Industrial Minerals,Belleville Area Office,SULPHUR DIOXIDE,Legislation Non-Compliance,2024-01-18,2024-01-19,100,µg/m³,/hr,1,107.5,107.5,Equipment Modified/Repaired,Voluntary Compliance Underway,Based on Air Dispersion Modeling 
HEIDELBERG MATERIALS CANADA LIMITED,HEIDELBERG MATERIALS CANADA LIMITED (PICTON FACILITY),"1370 HWY 49, PRINCE EDWARD COUNTY, ON K0K 2T0",PRINCE EDWARD COUNTY,Industrial Minerals,Belleville Area Office,SULPHUR DIOXIDE,Legislation Non-Compliance,2024-01-20,2024-01-20,100,µg/m³,/hr,1,105.7,105.7,Equipment Modified/Repaired,Event Resolved,Based on Air Dispersion Modeling 
HEIDELBERG MATERIALS CANADA LIMITED,HEIDELBERG MATERIALS CANADA LIMITED (PICTON FACILITY),"1370 HWY 49, PRINCE EDWARD COUNTY, ON K0K 2T0",PRINCE EDWARD COUNTY,Industrial Minerals,Belleville Area Office,SULPHUR DIOXIDE,Legislation Non-Compliance,2024-01-22,2024-01-22,30,kg/hr,/hr,1,35.6,35.6,Equipment Modified/Repaired,Event Resolved,Based on Air Dispersion Modeling 
HEIDELBERG MATERIALS CANADA LIMITED,HEIDELBERG MATERIALS CANADA LIMITED (PICTON FACILITY),"1370 HWY 49, PRINCE EDWARD COUNTY, ON K0K 2T0",PRINCE EDWARD COUNTY,Industrial Minerals,Belleville Area Office,OPACITY,Legislation Non-Compliance,2024-01-25,2024-01-25,20,%,6 min avg,1,35,35,Equipment Modified/Repaired,Event Resolved,
HEIDELBERG MATERIALS CANADA LIMITED,HEIDELBERG MATERIALS CANADA LIMITED (PICTON FACILITY),"1370 HWY 49, PRINCE EDWARD COUNTY, ON K0K 2T0",PRINCE EDWARD COUNTY,Industrial Minerals,Belleville Area Office,OPACITY,Legislation Non-Compliance,2024-03-07,2024-03-07,20,%,6 min avg,1,26.7,26.7,Equipment Modified/Repaired,Event Resolved,
HEIDELBERG MATERIALS CANADA LIMITED,HEIDELBERG MATERIALS CANADA LIMITED (PICTON FACILITY),"1370 HWY 49, PRINCE EDWARD COUNTY, ON K0K 2T0",PRINCE EDWARD COUNTY,Industrial Minerals,Belleville Area Office,OPACITY,Legislation Non-Compliance,2024-03-08,2024-03-08,20,%,6 min avg,1,31.6,31.6,Conducting Study,Event Resolved,
HEIDELBERG MATERIALS CANADA LIMITED,HEIDELBERG MATERIALS CANADA LIMITED (PICTON FACILITY),"1370 HWY 49, PRINCE EDWARD COUNTY, ON K0K 2T0",PRINCE EDWARD COUNTY,Industrial Minerals,Belleville Area Office,SULPHUR DIOXIDE,Legislation Non-Compliance,2024-03-13,2024-03-13,100,µg/m³,/hr,1,104,104,Equipment Modified/Repaired,Event Resolved,Based on Air Dispersion Modeling 
HEIDELBERG MATERIALS CANADA LIMITED,HEIDELBERG MATERIALS CANADA LIMITED (PICTON FACILITY),"1370 HWY 49, PRINCE EDWARD COUNTY, ON K0K 2T0",PRINCE EDWARD COUNTY,Industrial Minerals,Belleville Area Office,OPACITY,Legislation Non-Compliance,2024-03-14,2024-03-14,20,%,6 min avg,1,39.4,39.4,Equipment Modified/Repaired,Event Resolved,
HEIDELBERG MATERIALS CANADA LIMITED,HEIDELBERG MATERIALS CANADA LIMITED (PICTON FACILITY),"1370 HWY 49, PRINCE EDWARD COUNTY, ON K0K 2T0",PRINCE EDWARD COUNTY,Industrial Minerals,Belleville Area Office,OPACITY,Legislation Non-Compliance,2024-03-19,2024-03-19,20,%,6 min avg,1,20.7,20.7,Equipment Modified/Repaired,Event Resolved,
HEIDELBERG MATERIALS CANADA LIMITED,HEIDELBERG MATERIALS CANADA LIMITED (PICTON FACILITY),"1370 HWY 49, PRINCE EDWARD COUNTY, ON K0K 2T0",PRINCE EDWARD COUNTY,Industrial Minerals,Belleville Area Office,SULPHUR DIOXIDE,Legislation Non-Compliance,2024-04-17,2024-04-17,100,µg/m³,/hr,1,100.6,100.6,Equipment Modified/Repaired,Event Resolved,Based on Air Dispersion Modeling 
HEIDELBERG MATERIALS CANADA LIMITED,HEIDELBERG MATERIALS CANADA LIMITED (PICTON FACILITY),"1370 HWY 49, PRINCE EDWARD COUNTY, ON K0K 2T0",PRINCE EDWARD COUNTY,Industrial Minerals,Belleville Area Office,OPACITY,Legislation Non-Compliance,2024-04-19,2024-04-19,20,%,6 min avg,1,31.1,31.1,Equipment Modified/Repaired,Event Resolved,
HEIDELBERG MATERIALS CANADA LIMITED,HEIDELBERG MATERIALS CANADA LIMITED (PICTON FACILITY),"1370 HWY 49, PRINCE EDWARD COUNTY, ON K0K 2T0",PRINCE EDWARD COUNTY,Industrial Minerals,Belleville Area Office,OPACITY,Legislation Non-Compliance,2024-04-20,2024-04-20,20,%,6 min avg,1,37.5,37.5,Equipment Modified/Repaired,Event Resolved,
HEIDELBERG MATERIALS CANADA LIMITED,HEIDELBERG MATERIALS CANADA LIMITED (PICTON FACILITY),"1370 HWY 49, PRINCE EDWARD COUNTY, ON K0K 2T0",PRINCE EDWARD COUNTY,Industrial Minerals,Belleville Area Office,OPACITY,Legislation Non-Compliance,2024-05-08,2024-05-08,20,%,6 min avg,1,46.2,46.2,Equipment Modified/Repaired,Event Resolved,
HEIDELBERG MATERIALS CANADA LIMITED,HEIDELBERG MATERIALS CANADA LIMITED (PICTON FACILITY),"1370 HWY 49, PRINCE EDWARD COUNTY, ON K0K 2T0",PRINCE EDWARD COUNTY,Industrial Minerals,Belleville Area Office,OPACITY,Legislation Non-Compliance,2024-05-11,2024-05-11,20,%,6 min avg,1,33.8,33.8,Equipment Modified/Repaired,Event Resolved,
HEIDELBERG MATERIALS CANADA LIMITED,HEIDELBERG MATERIALS CANADA LIMITED (PICTON FACILITY),"1370 HWY 49, PRINCE EDWARD COUNTY, ON K0K 2T0",PRINCE EDWARD COUNTY,Industrial Minerals,Belleville Area Office,OPACITY,Legislation Non-Compliance,2024-05-24,2024-05-24,20,%,6 min avg,1,30,30,Equipment Modified/Repaired,Event Resolved,
HEIDELBERG MATERIALS CANADA LIMITED,HEIDELBERG MATERIALS CANADA LIMITED (PICTON FACILITY),"1370 HWY 49, PRINCE EDWARD COUNTY, ON K0K 2T0",PRINCE EDWARD COUNTY,Industrial Minerals,Belleville Area Office,OPACITY,Legislation Non-Compliance,2024-05-24,2024-05-24,20,%,6 min avg,1,40.4,40.4,Equipment Modified/Repaired,Event Resolved,
HEIDELBERG MATERIALS CANADA LIMITED,HEIDELBERG MATERIALS CANADA LIMITED (PICTON FACILITY),"1370 HWY 49, PRINCE EDWARD COUNTY, ON K0K 2T0",PRINCE EDWARD COUNTY,Industrial Minerals,Belleville Area Office,OPACITY,Legislation Non-Compliance,2024-05-26,2024-05-26,20,%,6 min avg,1,49.6,49.6,Equipment Modified/Repaired,Event Resolved,
HEIDELBERG MATERIALS CANADA LIMITED,HEIDELBERG MATERIALS CANADA LIMITED (PICTON FACILITY),"1370 HWY 49, PRINCE EDWARD COUNTY, ON K0K 2T0",PRINCE EDWARD COUNTY,Industrial Minerals,Belleville Area Office,OPACITY,Legislation Non-Compliance,2024-05-27,2024-05-27,20,%,6 min avg,1,38.3,38.3,Equipment Modified/Repaired,Event Resolved,
HEIDELBERG MATERIALS CANADA LIMITED,HEIDELBERG MATERIALS CANADA LIMITED (PICTON FACILITY),"1370 HWY 49, PRINCE EDWARD COUNTY, ON K0K 2T0",PRINCE EDWARD COUNTY,Industrial Minerals,Belleville Area Office,OPACITY,Legislation Non-Compliance,2024-05-29,2024-05-29,20,%,6 min avg,1,62.3,62.3,Resolved w/o Actions Required,Event Resolved,
HEIDELBERG MATERIALS CANADA LIMITED,HEIDELBERG MATERIALS CANADA LIMITED (PICTON FACILITY),"1370 HWY 49, PRINCE EDWARD COUNTY, ON K0K 2T0",PRINCE EDWARD COUNTY,Industrial Minerals,Belleville Area Office,OPACITY,Legislation Non-Compliance,2024-07-10,2024-07-10,20,%,6 min avg,1,21.7,21.7,Equipment Modified/Repaired,Event Resolved,
HEIDELBERG MATERIALS CANADA LIMITED,HEIDELBERG MATERIALS CANADA LIMITED (PICTON FACILITY),"1370 HWY 49, PRINCE EDWARD COUNTY, ON K0K 2T0",PRINCE EDWARD COUNTY,Industrial Minerals,Belleville Area Office,OPACITY,Legislation Non-Compliance,2024-07-19,2024-07-19,20,%,6 min avg,1,30.7,30.7,Equipment Modified/Repaired,Event Resolved,
HEIDELBERG MATERIALS CANADA LIMITED,HEIDELBERG MATERIALS CANADA LIMITED (PICTON FACILITY),"1370 HWY 49, PRINCE EDWARD COUNTY, ON K0K 2T0",PRINCE EDWARD COUNTY,Industrial Minerals,Belleville Area Office,OPACITY,Legislation Non-Compliance,2024-07-23,2024-07-23,20,%,6 min avg,1,27.7,27.7,Equipment Modified/Repaired,Event Resolved,
HEIDELBERG MATERIALS CANADA LIMITED,HEIDELBERG MATERIALS CANADA LIMITED (PICTON FACILITY),"1370 HWY 49, PRINCE EDWARD COUNTY, ON K0K 2T0",PRINCE EDWARD COUNTY,Industrial Minerals,Belleville Area Office,OPACITY,Legislation Non-Compliance,2024-07-24,2024-07-24,20,%,6 min avg,1,67.2,67.2,Equipment Modified/Repaired,Event Resolved,
HEIDELBERG MATERIALS CANADA LIMITED,HEIDELBERG MATERIALS CANADA LIMITED (PICTON FACILITY),"1370 HWY 49, PRINCE EDWARD COUNTY, ON K0K 2T0",PRINCE EDWARD COUNTY,Industrial Minerals,Belleville Area Office,OPACITY,Legislation Non-Compliance,2024-07-29,2024-07-29,20,%,6 min avg,1,23.2,23.2,Equipment Modified/Repaired,Event Resolved,
HEIDELBERG MATERIALS CANADA LIMITED,HEIDELBERG MATERIALS CANADA LIMITED (PICTON FACILITY),"1370 HWY 49, PRINCE EDWARD COUNTY, ON K0K 2T0",PRINCE EDWARD COUNTY,Industrial Minerals,Belleville Area Office,OPACITY,Legislation Non-Compliance,2024-08-18,2024-08-18,20,%,6 min avg,1,21.2,21.2,Equipment Modified/Repaired,Event Resolved,
HEIDELBERG MATERIALS CANADA LIMITED,HEIDELBERG MATERIALS CANADA LIMITED (PICTON FACILITY),"1370 HWY 49, PRINCE EDWARD COUNTY, ON K0K 2T0",PRINCE EDWARD COUNTY,Industrial Minerals,Belleville Area Office,OPACITY,Legislation Non-Compliance,2024-08-21,2024-08-21,20,%,6 min avg,1,24.1,24.1,Equipment Modified/Repaired,Event Resolved,
HEIDELBERG MATERIALS CANADA LIMITED,HEIDELBERG MATERIALS CANADA LIMITED (PICTON FACILITY),"1370 HWY 49, PRINCE EDWARD COUNTY, ON K0K 2T0",PRINCE EDWARD COUNTY,Industrial Minerals,Belleville Area Office,OPACITY,Legislation Non-Compliance,2024-08-26,2024-08-26,20,%,6 min avg,1,41.9,41.9,Equipment Modified/Repaired,Event Resolved,
HEIDELBERG MATERIALS CANADA LIMITED,HEIDELBERG MATERIALS CANADA LIMITED (PICTON FACILITY),"1370 HWY 49, PRINCE EDWARD COUNTY, ON K0K 2T0",PRINCE EDWARD COUNTY,Industrial Minerals,Belleville Area Office,OPACITY,Legislation Non-Compliance,2024-09-03,2024-09-03,20,%,6 min avg,1,27.4,27.4,Equipment Modified/Repaired,Event Resolved,
HEIDELBERG MATERIALS CANADA LIMITED,HEIDELBERG MATERIALS CANADA LIMITED (PICTON FACILITY),"1370 HWY 49, PRINCE EDWARD COUNTY, ON K0K 2T0",PRINCE EDWARD COUNTY,Industrial Minerals,Belleville Area Office,OPACITY,Legislation Non-Compliance,2024-09-05,2024-09-05,20,%,6 min avg,1,22.4,22.4,Equipment Modified/Repaired,Event Resolved,
HEIDELBERG MATERIALS CANADA LIMITED,HEIDELBERG MATERIALS CANADA LIMITED (PICTON FACILITY),"1370 HWY 49, PRINCE EDWARD COUNTY, ON K0K 2T0",PRINCE EDWARD COUNTY,Industrial Minerals,Belleville Area Office,OPACITY,Legislation Non-Compliance,2024-09-06,2024-09-06,20,%,6 min avg,1,41.9,41.9,Equipment Modified/Repaired,Event Resolved,
HEIDELBERG MATERIALS CANADA LIMITED,HEIDELBERG MATERIALS CANADA LIMITED (PICTON FACILITY),"1370 HWY 49, PRINCE EDWARD COUNTY, ON K0K 2T0",PRINCE EDWARD COUNTY,Industrial Minerals,Belleville Area Office,OPACITY,Legislation Non-Compliance,2024-09-08,2024-09-08,20,%,6 min avg,1,20.6,20.6,Equipment Modified/Repaired,Event Resolved,
HEIDELBERG MATERIALS CANADA LIMITED,HEIDELBERG MATERIALS CANADA LIMITED (PICTON FACILITY),"1370 HWY 49, PRINCE EDWARD COUNTY, ON K0K 2T0",PRINCE EDWARD COUNTY,Industrial Minerals,Belleville Area Office,OPACITY,Legislation Non-Compliance,2024-09-09,2024-09-09,20,%,6 min avg,1,21.7,21.7,Equipment Modified/Repaired,Event Resolved,
HEIDELBERG MATERIALS CANADA LIMITED,HEIDELBERG MATERIALS CANADA LIMITED (PICTON FACILITY),"1370 HWY 49, PRINCE EDWARD COUNTY, ON K0K 2T0",PRINCE EDWARD COUNTY,Industrial Minerals,Belleville Area Office,OPACITY,Legislation Non-Compliance,2024-10-01,2024-10-01,20,%,6 min avg,1,63,63,Equipment Modified/Repaired,Event Resolved,
HEIDELBERG MATERIALS CANADA LIMITED,HEIDELBERG MATERIALS CANADA LIMITED (PICTON FACILITY),"1370 HWY 49, PRINCE EDWARD COUNTY, ON K0K 2T0",PRINCE EDWARD COUNTY,Industrial Minerals,Belleville Area Office,OPACITY,Legislation Non-Compliance,2024-10-12,2024-10-12,20,%,6 min avg,1,23.9,23.9,Equipment Modified/Repaired,Event Resolved,
HEIDELBERG MATERIALS CANADA LIMITED,HEIDELBERG MATERIALS CANADA LIMITED (PICTON FACILITY),"1370 HWY 49, PRINCE EDWARD COUNTY, ON K0K 2T0",PRINCE EDWARD COUNTY,Industrial Minerals,Belleville Area Office,OPACITY,Legislation Non-Compliance,2024-10-13,2024-10-13,20,%,6 min avg,1,73.9,73.9,Equipment Modified/Repaired,Event Resolved,
HEIDELBERG MATERIALS CANADA LIMITED,HEIDELBERG MATERIALS CANADA LIMITED (PICTON FACILITY),"1370 HWY 49, PRINCE EDWARD COUNTY, ON K0K 2T0",PRINCE EDWARD COUNTY,Industrial Minerals,Belleville Area Office,OPACITY,Legislation Non-Compliance,2024-10-14,2024-10-14,20,%,6 min avg,1,59.9,59.9,Equipment Modified/Repaired,Event Resolved,
HEIDELBERG MATERIALS CANADA LIMITED,HEIDELBERG MATERIALS CANADA LIMITED (PICTON FACILITY),"1370 HWY 49, PRINCE EDWARD COUNTY, ON K0K 2T0",PRINCE EDWARD COUNTY,Industrial Minerals,Belleville Area Office,OPACITY,Legislation Non-Compliance,2024-10-24,2024-10-24,20,%,6 min avg,1,32.8,32.8,Equipment Modified/Repaired,Event Resolved,
HEIDELBERG MATERIALS CANADA LIMITED,HEIDELBERG MATERIALS CANADA LIMITED (PICTON FACILITY),"1370 HWY 49, PRINCE EDWARD COUNTY, ON K0K 2T0",PRINCE EDWARD COUNTY,Industrial Minerals,Belleville Area Office,OPACITY,Legislation Non-Compliance,2024-10-27,2024-10-27,20,%,6 min avg,1,42.1,42.1,Equipment Modified/Repaired,Event Resolved,
HEIDELBERG MATERIALS CANADA LIMITED,HEIDELBERG MATERIALS CANADA LIMITED (PICTON FACILITY),"1370 HWY 49, PRINCE EDWARD COUNTY, ON K0K 2T0",PRINCE EDWARD COUNTY,Industrial Minerals,Belleville Area Office,OPACITY,Legislation Non-Compliance,2024-10-29,2024-10-29,20,%,6 min avg,1,49.6,49.6,Equipment Modified/Repaired,Event Resolved,
HEIDELBERG MATERIALS CANADA LIMITED,HEIDELBERG MATERIALS CANADA LIMITED (PICTON FACILITY),"1370 HWY 49, PRINCE EDWARD COUNTY, ON K0K 2T0",PRINCE EDWARD COUNTY,Industrial Minerals,Belleville Area Office,OPACITY,Legislation Non-Compliance,2024-11-02,2024-11-02,20,%,6 min avg,1,31.4,31.4,Equipment Modified/Repaired,Voluntary Compliance Underway,
HEIDELBERG MATERIALS CANADA LIMITED,HEIDELBERG MATERIALS CANADA LIMITED (PICTON FACILITY),"1370 HWY 49, PRINCE EDWARD COUNTY, ON K0K 2T0",PRINCE EDWARD COUNTY,Industrial Minerals,Belleville Area Office,OPACITY,Legislation Non-Compliance,2024-11-16,2024-11-16,20,%,6 min avg,1,92,92,Equipment Modified/Repaired,Event Resolved,
HEIDELBERG MATERIALS CANADA LIMITED,HEIDELBERG MATERIALS CANADA LIMITED (PICTON FACILITY),"1370 HWY 49, PRINCE EDWARD COUNTY, ON K0K 2T0",PRINCE EDWARD COUNTY,Industrial Minerals,Belleville Area Office,OPACITY,Legislation Non-Compliance,2024-11-16,2024-11-16,20,%,6 min avg,1,90.3,90.3,Equipment Modified/Repaired,Event Resolved,
HEIDELBERG MATERIALS CANADA LIMITED,HEIDELBERG MATERIALS CANADA LIMITED (PICTON FACILITY),"1370 HWY 49, PRINCE EDWARD COUNTY, ON K0K 2T0",PRINCE EDWARD COUNTY,Industrial Minerals,Belleville Area Office,OPACITY,Legislation Non-Compliance,2024-12-03,2024-12-03,20,%,6 min avg,1,41,41,Equipment Modified/Repaired,Event Resolved,
HEIDELBERG MATERIALS CANADA LIMITED,HEIDELBERG MATERIALS CANADA LIMITED (PICTON FACILITY),"1370 HWY 49, PRINCE EDWARD COUNTY, ON K0K 2T0",PRINCE EDWARD COUNTY,Industrial Minerals,Belleville Area Office,OPACITY,Legislation Non-Compliance,2024-12-04,2024-12-04,20,%,6 min avg,1,27.1,27.1,Equipment Modified/Repaired,Event Resolved,
HEIDELBERG MATERIALS CANADA LIMITED,HEIDELBERG MATERIALS CANADA LIMITED (PICTON FACILITY),"1370 HWY 49, PRINCE EDWARD COUNTY, ON K0K 2T0",PRINCE EDWARD COUNTY,Industrial Minerals,Belleville Area Office,OPACITY,Legislation Non-Compliance,2024-12-15,2024-12-15,20,%,6 min avg,1,35,35,Equipment Modified/Repaired,Voluntary Compliance Underway,
HEIDELBERG MATERIALS CANADA LIMITED,HEIDELBERG MATERIALS CANADA LIMITED (PICTON FACILITY),"1370 HWY 49, PRINCE EDWARD COUNTY, ON K0K 2T0",PRINCE EDWARD COUNTY,Industrial Minerals,Belleville Area Office,OPACITY,Legislation Non-Compliance,2024-12-27,2024-12-27,20,%,6 min avg,1,37.8,37.8,Equipment Modified/Repaired,Event Resolved,
HEIDELBERG MATERIALS CANADA LIMITED,HEIDELBERG MATERIALS CANADA LIMITED (PICTON FACILITY),"1370 HWY 49, PRINCE EDWARD COUNTY, ON K0K 2T0",PRINCE EDWARD COUNTY,Industrial Minerals,Belleville Area Office,OPACITY,Legislation Non-Compliance,2024-12-27,2024-12-27,20,%,6 min avg,1,24.3,24.3,Equipment Modified/Repaired,Event Resolved,
HEIDELBERG MATERIALS CANADA LIMITED,HEIDELBERG MATERIALS CANADA LIMITED (PICTON FACILITY),"1370 HWY 49, PRINCE EDWARD COUNTY, ON K0K 2T0",PRINCE EDWARD COUNTY,Industrial Minerals,Belleville Area Office,OPACITY,Legislation Non-Compliance,2024-12-30,2024-12-30,20,%,6 min avg,1,47.2,47.2,Equipment Modified/Repaired,Event Resolved,
SUNCOR ENERGY INC./SUNCOR ENERGIE INC.,Suncor Energy Product Partnership (Sarnia Refinery),"1900 RIVER RD, SARNIA, ON N7T 7J3",SARNIA,Petroleum Refining,Sarnia District Office,SULPHUR DIOXIDE,Legislation Non-Compliance,2024-10-27,2024-10-27,225,kg/d,24 hr,1,860,860,Penalty Paid,Penalty Order,Based on Air Dispersion Modeling 
SUNCOR ENERGY INC./SUNCOR ENERGIE INC.,Suncor Energy Product Partnership (Sarnia Refinery),"1900 RIVER RD, SARNIA, ON N7T 7J3",SARNIA,Petroleum Refining,Sarnia District Office,SULPHUR DIOXIDE,Legislation Non-Compliance,2024-11-26,2024-11-26,225,kg/d,24 hr,1,64571,64571,Penalty Paid,Penalty Order,Based on Air Dispersion Modeling 
GREENFIRST FOREST PRODUCTS (QC) INC.,Kapuskasing Operations,"1 GOVERNMENT RD, KAPUSKASING, ON P5N 2Y2",KAPUSKASING,Pulp and Paper,Timmins District Office,CARBON MONOXIDE,Approval/Permit Non-Compliance,2024-02-09,2024-02-13,500,ppm,any,17,507,876,Action Plan Submitted,Addressed w/o Intervention,
GREENFIRST FOREST PRODUCTS (QC) INC.,Kapuskasing Operations,"1 GOVERNMENT RD, KAPUSKASING, ON P5N 2Y2",KAPUSKASING,Pulp and Paper,Timmins District Office,OPACITY,Legislation Non-Compliance,2024-02-17,2024-02-17,20,%,6 min avg,1,41,41,Operational Process Modified,Addressed w/o Intervention,
GREENFIRST FOREST PRODUCTS (QC) INC.,Kapuskasing Operations,"1 GOVERNMENT RD, KAPUSKASING, ON P5N 2Y2",KAPUSKASING,Pulp and Paper,Timmins District Office,OPACITY,Legislation Non-Compliance,2024-02-17,2024-02-17,20,%,6 min avg,1,41,41,Equipment Modified/Repaired,Addressed w/o Intervention,
GREENFIRST FOREST PRODUCTS (QC) INC.,Kapuskasing Operations,"1 GOVERNMENT RD, KAPUSKASING, ON P5N 2Y2",KAPUSKASING,Pulp and Paper,Timmins District Office,OPACITY,Legislation Non-Compliance,2024-09-17,2024-09-17,20,%,6 min avg,1,37,37,Equipment Modified/Repaired,Addressed w/o Intervention,
GREENFIRST FOREST PRODUCTS (QC) INC.,Kapuskasing Operations,"1 GOVERNMENT RD, KAPUSKASING, ON P5N 2Y2",KAPUSKASING,Pulp and Paper,Timmins District Office,OPACITY,Legislation Non-Compliance,2024-09-27,2024-09-27,20,%,6 min avg,1,37,37,Equipment Modified/Repaired,Addressed w/o Intervention,
GREENFIRST FOREST PRODUCTS (QC) INC.,Kapuskasing Operations,"1 GOVERNMENT RD, KAPUSKASING, ON P5N 2Y2",KAPUSKASING,Pulp and Paper,Timmins District Office,OPACITY,Legislation Non-Compliance,2024-12-22,2024-12-22,20,%,6 min avg,1,37,37,Equipment Modified/Repaired,Addressed w/o Intervention,
GREENFIRST FOREST PRODUCTS (QC) INC.,Kapuskasing Operations,"1 GOVERNMENT RD, KAPUSKASING, ON P5N 2Y2",KAPUSKASING,Pulp and Paper,Timmins District Office,OPACITY,Legislation Non-Compliance,2024-12-29,2024-12-29,20,%,6 min avg,1,37,37,Operational Process Modified,Addressed w/o Intervention,
EMERALD ENERGY FROM WASTE INC.,Emerald Energy from Waste,"7656 BRAMALEA RD, BRAMPTON, ON L6T 5M5",BRAMPTON,Miscellaneous Industrial,Halton-Peel District Office,CARBON MONOXIDE,Approval/Permit Non-Compliance,2024-06-17,2024-06-17,43,ppm,4 hr avg,1,43.7,43.7,Action Plan Submitted,Event Resolved,
IAMGOLD CORPORATION,Cote Gold Project,"3 MESOMIKENDA LAKE RD, GOGAMA, GREATER SUDBURY, ON P0M 1W0",GREATER SUDBURY,Metal Mining and Refining,Timmins District Office,SUSPENDED PARTICULATE MATTER,Approval/Permit Non-Compliance,2024-02-24,2024-02-25,50,µg/m³,24 hr,1,76.5,76.5,Resolved w/o Actions Required,Addressed w/o Intervention,
1712833 ONTARIO LIMITED,Metal Coaters division of 1712833 Ontario Ltd,"7666B BATH RD, MISSISSAUGA, ON L4T 1L2",MISSISSAUGA,Miscellaneous Industrial,Halton-Peel District Office,NICKEL,Legislation Non-Compliance,2024-01-01,2024-12-31,0.04,µg/m³,yearly avg,1,0.158,0.158,Action Plan Submitted,Assessment Underway,Based on Air Dispersion Modeling 
1712833 ONTARIO LIMITED,Metal Coaters division of 1712833 Ontario Ltd,"7666B BATH RD, MISSISSAUGA, ON L4T 1L2",MISSISSAUGA,Miscellaneous Industrial,Halton-Peel District Office,HEXAVALENT CHROMIUM,Legislation Non-Compliance,2024-01-01,2024-12-31,0.00014,µg/m³,yearly avg,1,0.0027,0.0027,Action Plan Submitted,Assessment Underway,Based on Air Dispersion Modeling 
BFG CANADA LTD.,BFG Canada Ltd. - 1760 Strasburg Rd,"1760 STRASBURG RD, KITCHENER, ON N2R 1E9",KITCHENER,Miscellaneous Industrial,Guelph District Office,AMMONIA,Approval/Permit Non-Compliance,2024-03-01,2024-05-28,100,µg/m³,/day,1,601,601,Technical Standard Requested,Tech. Standard in Development,Based on Air Dispersion Modeling 
BFG CANADA LTD.,"BFG - 120 Armstrong Ave, Georgetown","120 ARMSTRONG AVE, HALTON HILLS, ON L7G 4S3",HALTON HILLS,Miscellaneous Industrial,Halton-Peel District Office,AMMONIA,Legislation Non-Compliance,2024-01-01,2024-12-31,100,µg/m³,N/A,1,237,237,Technical Standard Requested,Assessment Underway,Based on Air Dispersion Modeling 
TERRAPURE BR LTD.,Terrapure BR Limited,"1333 TONOLLI RD, MISSISSAUGA, ON L4Y 4C2",MISSISSAUGA,Miscellaneous Industrial,Halton-Peel District Office,SULPHUR DIOXIDE,Upper Risk Threshold,2024-01-01,2024-12-31,100,µg/m³,1 hr avg,1,1055,1055,Action Plan Submitted,Assessment Underway,Based on Air Dispersion Modeling 
THUNDER BAY PULP AND PAPER INC.,Thunder Bay Pulp and Paper Mill,"2001 NEEBING AVE, THUNDER BAY, ON P7E 6S3",THUNDER BAY,Pulp and Paper,Thunder Bay District Office,OPACITY,Legislation Non-Compliance,2024-04-03,2024-04-03,40,%,6 min avg,1,48,48,Equipment Modified/Repaired,Event Resolved,
THUNDER BAY PULP AND PAPER INC.,Thunder Bay Pulp and Paper Mill,"2001 NEEBING AVE, THUNDER BAY, ON P7E 6S3",THUNDER BAY,Pulp and Paper,Thunder Bay District Office,OPACITY,Legislation Non-Compliance,2024-07-06,2024-07-06,40,%,6 min avg,1,44,44,Operational Process Modified,Event Resolved,
THUNDER BAY PULP AND PAPER INC.,Thunder Bay Pulp and Paper Mill,"2001 NEEBING AVE, THUNDER BAY, ON P7E 6S3",THUNDER BAY,Pulp and Paper,Thunder Bay District Office,OPACITY,Legislation Non-Compliance,2024-07-31,2024-07-31,40,%,6 min avg,1,63.7,63.7,Equipment Modified/Repaired,Addressed w/o Intervention,
THUNDER BAY PULP AND PAPER INC.,Thunder Bay Pulp and Paper Mill,"2001 NEEBING AVE, THUNDER BAY, ON P7E 6S3",THUNDER BAY,Pulp and Paper,Thunder Bay District Office,OPACITY,Legislation Non-Compliance,2024-08-02,2024-08-02,40,%,6 min avg,1,58,58,Operational Process Modified,Addressed w/o Intervention,
THUNDER BAY PULP AND PAPER INC.,Thunder Bay Pulp and Paper Mill,"2001 NEEBING AVE, THUNDER BAY, ON P7E 6S3",THUNDER BAY,Pulp and Paper,Thunder Bay District Office,OPACITY,Legislation Non-Compliance,2024-08-03,2024-08-03,40,%,6 min avg,1,57,57,Operational Process Modified,Addressed w/o Intervention,
THUNDER BAY PULP AND PAPER INC.,Thunder Bay Pulp and Paper Mill,"2001 NEEBING AVE, THUNDER BAY, ON P7E 6S3",THUNDER BAY,Pulp and Paper,Thunder Bay District Office,OPACITY,Legislation Non-Compliance,2024-08-15,2024-08-15,40,%,6 min avg,1,74.57,74.57,Equipment Modified/Repaired,Assessment Underway,
THUNDER BAY PULP AND PAPER INC.,Thunder Bay Pulp and Paper Mill,"2001 NEEBING AVE, THUNDER BAY, ON P7E 6S3",THUNDER BAY,Pulp and Paper,Thunder Bay District Office,OPACITY,Site-Specific Standard,2024-08-28,2024-08-28,40,%,6 min avg,1,47,47,Equipment Modified/Repaired,Addressed w/o Intervention,
THUNDER BAY PULP AND PAPER INC.,Thunder Bay Pulp and Paper Mill,"2001 NEEBING AVE, THUNDER BAY, ON P7E 6S3",THUNDER BAY,Pulp and Paper,Thunder Bay District Office,TOTAL REDUCED SULPHUR,Approval/Permit Non-Compliance,2024-09-30,2024-09-30,27,ppb,10 min avg,4,31,49,Resolved w/o Actions Required,Addressed w/o Intervention,
DRYDEN FIBRE CANADA ULC,Dryden Fibre Canada - Dryden Mill,"1 DUKE ST, DRYDEN, ON P8N 2Z7",DRYDEN,Pulp and Paper,Kenora Area Office,TOTAL REDUCED SULPHUR,Approval/Permit Non-Compliance,2024-02-24,2024-02-24,27,ppb,10 min avg,1,38.34,38.34,Conducting Study,Voluntary Compliance Underway,
DRYDEN FIBRE CANADA ULC,Dryden Fibre Canada - Dryden Mill,"1 DUKE ST, DRYDEN, ON P8N 2Z7",DRYDEN,Pulp and Paper,Kenora Area Office,OPACITY,Legislation Non-Compliance,2024-05-21,2024-05-21,20,%,6 min avg,1,25.5,25.5,New Equipment Installed,Event Resolved,
DRYDEN FIBRE CANADA ULC,Dryden Fibre Canada - Dryden Mill,"1 DUKE ST, DRYDEN, ON P8N 2Z7",DRYDEN,Pulp and Paper,Kenora Area Office,TOTAL REDUCED SULPHUR,Approval/Permit Non-Compliance,2024-05-29,2024-05-29,27,ppb,10 min avg,4,39.57,62.07,Additional Monitoring Underway,Assessment Underway,
DRYDEN FIBRE CANADA ULC,Dryden Fibre Canada - Dryden Mill,"1 DUKE ST, DRYDEN, ON P8N 2Z7",DRYDEN,Pulp and Paper,Kenora Area Office,TOTAL REDUCED SULPHUR,Site-Specific Standard,2024-08-29,2024-08-29,27,ppb,10 min avg,2,28.48,55.86,Resolved w/o Actions Required,Event Resolved,
LONGO BROTHERS FRUIT MARKETS INC.,Longo Brother Fruit Distributors,"8800 HUNTINGTON RD, VAUGHAN, ON L4H 3M6",VAUGHAN,Miscellaneous Industrial,York Durham District Office,SUSPENDED PARTICULATE MATTER,Approval/Permit Non-Compliance,2024-06-25,2024-06-25,0.02,kg/d,/day,3,0.149,0.617,Equipment Modified/Repaired,Voluntary Compliance Underway,
ZF COMPOSITES NORTH AMERICA LTD.,ZF Composites,"2109 WYECROFT RD, OAKVILLE, ON L6L 5L7",OAKVILLE,Miscellaneous Industrial,Halton-Peel District Office,STYRENE,Legislation Non-Compliance,2024-03-13,2024-12-31,400,µg/m³,24 hr avg,1,594,594,Action Plan Submitted,Assessment Underway,Based on Air Dispersion Modeling 
BRIDGING NORTH AMERICA HOLDING CORPORATION AND BRIDGING NORTH AMERICA HOLDING ULC CARRYING ON BUSINE,Bridging North America,"35 PROSPECT AVE, WINDSOR, ON N9C 3G3",WINDSOR,Miscellaneous Industrial,Windsor District Office,SUSPENDED PARTICULATE MATTER,Site-Specific Standard,2024-04-09,2024-04-11,50,µg/m³,24 hr rolling avg,1,82.6,82.6,Action Plan Submitted,Voluntary Compliance Underway,
BRIDGING NORTH AMERICA HOLDING CORPORATION AND BRIDGING NORTH AMERICA HOLDING ULC CARRYING ON BUSINE,Bridging North America,"35 PROSPECT AVE, WINDSOR, ON N9C 3G3",WINDSOR,Miscellaneous Industrial,Windsor District Office,SUSPENDED PARTICULATE MATTER,Site-Specific Standard,2024-04-10,2024-04-10,50,µg/m³,24 hr rolling avg,1,122,122,Action Plan Submitted,Voluntary Compliance Underway,
KERRY (CANADA) INC.,Kerry Canada - Renfrew,"1 INNOVATION DR, RENFREW, ON K7V 0B5",RENFREW,Miscellaneous Industrial,Ottawa District Office,SUSPENDED PARTICULATE MATTER,Legislation Non-Compliance,2024-01-01,2024-12-31,120,µg/m³,/day,1,145,204,Action Plan Submitted,Voluntary Compliance Underway,Based on Air Dispersion Modeling 
KERRY (CANADA) INC.,Kerry Canada - Renfrew,"1 INNOVATION DR, RENFREW, ON K7V 0B5",RENFREW,Miscellaneous Industrial,Ottawa District Office,MANGANESE,Legislation Non-Compliance,2024-01-01,2024-12-31,0.4,µg/m³,/day,1,1.08,1.8,Action Plan Submitted,Voluntary Compliance Underway,Based on Air Dispersion Modeling 
Ces données sont fournies à titre d’information seulement. Les installations responsables des rejets ont fourni la plupart des données de ce sommaire. Ces installations sont responsables de l’exactitude des données fournies. Certaines données sont aussi dérivées des données du ministère sur les rejets. Les mesures prises par les installations et par le ministère étaient à jour en Juin 2025. ,,,,,,,,,,,,,,,,,,
