Propriétaire de l’installation,Nom du site,Adresse du site,Municipalité du site,Secteur,District,Contaminant,Type de dépassement,Date du début du dépassement,Date de la fin du dépassement,Limite du contaminant,Unité du contaminant,Fréquence de la limite,Nombre de dépassements,Minimum de la quantité,Maximum de la quantité,Mesure prise par l’installation,Mesure prise par le ministère
"1313304 Alberta ULC, operating as Great Northern Hydroponics",1507 Road 3 East,1507 Road 3 E,Kingsville,Miscellaneous Industrial,Windsor,ZINC,ECA/CofA/Permit Non-Compliance,2021-02-18,2021-06-18,0.1,mg/L,rolling avg,1,0.18,0.18,Additional Monitoring Underway,Assessment Underway
1573903 Ontario Ltd.,Cedar Line Farms Ltd / Cedarline Greenhouse,"11080 Baseline Rd, Dresden",Chatham-Kent,Miscellaneous Industrial,Sarnia,ZINC,ECA/CofA/Permit Non-Compliance,2020-12-01,2021-03-31,0.1,mg/L,rolling avg,1,0.43,0.43,Additional Monitoring Underway,Other Abatement Action Taken
1573903 Ontario Ltd.,Cedar Line Farms Ltd / Cedarline Greenhouse,"11080 Baseline Rd, Dresden",Chatham-Kent,Miscellaneous Industrial,Windsor,NITRATE (AS NITROGEN),ECA/CofA/Permit Non-Compliance,2021-01-01,2021-01-31,20,mg/L,rolling avg,1,22.07,22.07,Action Plan Submitted - Implementing Improvements; Equipment Modified - Repaired - Replaced or Re-calibrated,Assessment Underway
1573903 Ontario Ltd.,Cedar Line Farms Ltd / Cedarline Greenhouse,"11080 Baseline Rd, Dresden",Chatham-Kent,Miscellaneous Industrial,Sarnia,"PHOSPHORUS, TOTAL",ECA/CofA/Permit Non-Compliance,2021-01-01,2021-04-30,0.5,mg/L,rolling avg,1,0.852,0.852,Action Plan Submitted - Implementing Improvements,Assessment Underway
1573903 Ontario Ltd.,Cedar Line Farms Ltd / Cedarline Greenhouse,"11080 Baseline Rd, Dresden",Chatham-Kent,Miscellaneous Industrial,Sarnia,ZINC,ECA/CofA/Permit Non-Compliance,2021-01-01,2021-04-30,0.1,mg/L,rolling avg,1,0.43625,0.43625,Action Plan Submitted - Implementing Improvements,Assessment Underway
1573903 Ontario Ltd.,Cedar Line Farms Ltd / Cedarline Greenhouse,"11080 Baseline Rd, Dresden",Chatham-Kent,Miscellaneous Industrial,Windsor,ZINC,ECA/CofA/Permit Non-Compliance,2021-01-01,2021-01-31,0.1,mg/L,rolling avg,1,0.21,0.21,Action Plan Submitted - Implementing Improvements; Equipment Modified - Repaired - Replaced or Re-calibrated,Assessment Underway
1573903 Ontario Ltd.,Cedar Line Farms Ltd / Cedarline Greenhouse,"11080 Baseline Rd, Dresden",Chatham-Kent,Miscellaneous Industrial,Sarnia,NITRATE (AS NITROGEN),ECA/CofA/Permit Non-Compliance,2021-02-01,2021-05-31,20,mg/L,rolling avg,1,26.82,26.82,Action Plan Submitted - Implementing Improvements,Assessment Underway
1573903 Ontario Ltd.,Cedar Line Farms Ltd / Cedarline Greenhouse,"11080 Baseline Rd, Dresden",Chatham-Kent,Miscellaneous Industrial,Sarnia,"PHOSPHORUS, TOTAL",ECA/CofA/Permit Non-Compliance,2021-02-01,2021-05-31,0.5,mg/L,rolling avg,1,1.29,1.29,Action Plan Submitted - Implementing Improvements,Assessment Underway
1573903 Ontario Ltd.,Cedar Line Farms Ltd / Cedarline Greenhouse,"11080 Baseline Rd, Dresden",Chatham-Kent,Miscellaneous Industrial,Sarnia,ZINC,ECA/CofA/Permit Non-Compliance,2021-02-01,2021-05-31,0.1,mg/L,rolling avg,1,0.38,0.38,Action Plan Submitted - Implementing Improvements,Assessment Underway
1573903 Ontario Ltd.,Cedar Line Farms Ltd / Cedarline Greenhouse,"11080 Baseline Rd, Dresden",Chatham-Kent,Miscellaneous Industrial,Sarnia,ZINC,ECA/CofA/Permit Non-Compliance,2021-02-01,2021-02-28,0.1,mg/L,rolling avg,1,0.386,0.386,Additional Monitoring Underway,Other Abatement Action Taken
1573903 Ontario Ltd.,Cedar Line Farms Ltd / Cedarline Greenhouse,"11080 Baseline Rd, Dresden",Chatham-Kent,Miscellaneous Industrial,Sarnia,NITRATE (AS NITROGEN),ECA/CofA/Permit Non-Compliance,2021-03-01,2021-06-30,20,mg/L,rolling avg,1,45.28,45.28,Action Plan Submitted - Implementing Improvements,Other Abatement Action Taken
1573903 Ontario Ltd.,Cedar Line Farms Ltd / Cedarline Greenhouse,"11080 Baseline Rd, Dresden",Chatham-Kent,Miscellaneous Industrial,Sarnia,"PHOSPHORUS, TOTAL",ECA/CofA/Permit Non-Compliance,2021-03-01,2021-06-30,0.5,mg/L,rolling avg,1,1.73,1.73,Action Plan Submitted - Implementing Improvements,Other Abatement Action Taken
1573903 Ontario Ltd.,Cedar Line Farms Ltd / Cedarline Greenhouse,"11080 Baseline Rd, Dresden",Chatham-Kent,Miscellaneous Industrial,Sarnia,POTASSIUM,ECA/CofA/Permit Non-Compliance,2021-03-01,2021-06-30,25,mg/L,rolling avg,1,29.39,29.39,Action Plan Submitted - Implementing Improvements,Other Abatement Action Taken
1573903 Ontario Ltd.,Cedar Line Farms Ltd / Cedarline Greenhouse,"11080 Baseline Rd, Dresden",Chatham-Kent,Miscellaneous Industrial,Sarnia,ZINC,ECA/CofA/Permit Non-Compliance,2021-03-01,2021-06-30,0.1,mg/L,rolling avg,1,0.223,0.223,Action Plan Submitted - Implementing Improvements,Other Abatement Action Taken
1573903 Ontario Ltd.,Cedar Line Farms Ltd / Cedarline Greenhouse,"11080 Baseline Rd, Dresden",Chatham-Kent,Miscellaneous Industrial,Sarnia,NITRATE (AS NITROGEN),ECA/CofA/Permit Non-Compliance,2021-04-01,2021-07-31,20,mg/L,rolling avg,1,38.98,38.98,Action Plan Submitted - Implementing Improvements,Other Abatement Action Taken
1573903 Ontario Ltd.,Cedar Line Farms Ltd / Cedarline Greenhouse,"11080 Baseline Rd, Dresden",Chatham-Kent,Miscellaneous Industrial,Sarnia,"PHOSPHORUS, TOTAL",ECA/CofA/Permit Non-Compliance,2021-04-01,2021-07-31,0.5,mg/L,rolling avg,1,1.57,1.57,Action Plan Submitted - Implementing Improvements,Other Abatement Action Taken
1573903 Ontario Ltd.,Cedar Line Farms Ltd / Cedarline Greenhouse,"11080 Baseline Rd, Dresden",Chatham-Kent,Miscellaneous Industrial,Sarnia,POTASSIUM,ECA/CofA/Permit Non-Compliance,2021-04-01,2021-07-31,25,mg/L,rolling avg,1,27.09,27.09,Action Plan Submitted - Implementing Improvements,Other Abatement Action Taken
1573903 Ontario Ltd.,Cedar Line Farms Ltd / Cedarline Greenhouse,"11080 Baseline Rd, Dresden",Chatham-Kent,Miscellaneous Industrial,Sarnia,ZINC,ECA/CofA/Permit Non-Compliance,2021-04-01,2021-07-31,0.1,mg/L,rolling avg,1,0.14,0.14,Action Plan Submitted - Implementing Improvements,Other Abatement Action Taken
1573903 Ontario Ltd.,Cedar Line Farms Ltd / Cedarline Greenhouse,"11080 Baseline Rd, Dresden",Chatham-Kent,Miscellaneous Industrial,Sarnia,NITRATES,ECA/CofA/Permit Non-Compliance,2021-06-01,2021-09-30,20,mg/L,rolling avg,1,39,39,Action Plan Submitted - Implementing Improvements,Other Abatement Action Taken
1573903 Ontario Ltd.,Cedar Line Farms Ltd / Cedarline Greenhouse,"11080 Baseline Rd, Dresden",Chatham-Kent,Miscellaneous Industrial,Sarnia,"PHOSPHORUS, TOTAL",ECA/CofA/Permit Non-Compliance,2021-06-01,2021-09-30,0.5,mg/L,rolling avg,1,1.24,1.24,Action Plan Submitted - Implementing Improvements,Other Abatement Action Taken
1573903 Ontario Ltd.,Cedar Line Farms Ltd / Cedarline Greenhouse,"11080 Baseline Rd, Dresden",Chatham-Kent,Miscellaneous Industrial,Sarnia,POTASSIUM,ECA/CofA/Permit Non-Compliance,2021-06-01,2021-09-30,25,mg/L,rolling avg,1,25.53,25.53,Action Plan Submitted - Implementing Improvements,Other Abatement Action Taken
1573903 Ontario Ltd.,Cedar Line Farms Ltd / Cedarline Greenhouse,"11080 Baseline Rd, Dresden",Chatham-Kent,Miscellaneous Industrial,Sarnia,NITRATE (AS NITROGEN),ECA/CofA/Permit Non-Compliance,2021-07-01,2021-10-31,20,mg/L,rolling avg,1,25.7,25.7,Action Plan Submitted - Implementing Improvements,Other Abatement Action Taken
1573903 Ontario Ltd.,Cedar Line Farms Ltd / Cedarline Greenhouse,"11080 Baseline Rd, Dresden",Chatham-Kent,Miscellaneous Industrial,Sarnia,"PHOSPHORUS, TOTAL",ECA/CofA/Permit Non-Compliance,2021-07-01,2021-10-31,0.5,mg/L,rolling avg,1,0.97,0.97,Action Plan Submitted - Implementing Improvements,Other Abatement Action Taken
1573903 Ontario Ltd.,Cedar Line Farms Ltd / Cedarline Greenhouse,"11080 Baseline Rd, Dresden",Chatham-Kent,Miscellaneous Industrial,Sarnia,NITRATE (AS NITROGEN),ECA/CofA/Permit Non-Compliance,2021-08-01,2021-11-30,20,mg/L,rolling avg,1,22.54,22.54,Action Plan Submitted - Implementing Improvements,Other Abatement Action Taken
1573903 Ontario Ltd.,Cedar Line Farms Ltd / Cedarline Greenhouse,"11080 Baseline Rd, Dresden",Chatham-Kent,Miscellaneous Industrial,Sarnia,"PHOSPHORUS, TOTAL",ECA/CofA/Permit Non-Compliance,2021-08-01,2021-11-30,0.5,mg/L,rolling avg,1,0.9,0.9,Action Plan Submitted - Implementing Improvements,Other Abatement Action Taken
1573903 Ontario Ltd.,Cedar Line Farms Ltd / Cedarline Greenhouse,"11080 Baseline Rd, Dresden",Chatham-Kent,Miscellaneous Industrial,Sarnia,ZINC,ECA/CofA/Permit Non-Compliance,2021-08-01,2021-11-30,0.1,mg/L,rolling avg,1,0.12,0.12,Action Plan Submitted - Implementing Improvements,Other Abatement Action Taken
1573903 Ontario Ltd.,Cedar Line Farms Ltd / Cedarline Greenhouse,"11080 Baseline Rd, Dresden",Chatham-Kent,Miscellaneous Industrial,Sarnia,ZINC,ECA/CofA/Permit Non-Compliance,2021-09-01,2021-12-31,0.1,mg/L,rolling avg,1,0.17,0.17,Action Plan Submitted - Implementing Improvements,Assessment Complete - No Action Required
1659437 Ontario Limited and 1659439 Ontario Limited acting as general partners and operating as DC Farms,1557 County Road 34,1557 County Road 34 Lot 9 Concession 3 Eastern Division Geographic Township of Gosfield,Kingsville,Miscellaneous Industrial,Windsor,COPPER,ECA/CofA/Permit Non-Compliance,2021-03-22,2021-06-15,0.02,mg/L,rolling avg,1,0.0596,0.0596,Action Plan Submitted - Implementing Improvements,Assessment Underway
1659437 Ontario Limited and 1659439 Ontario Limited acting as general partners and operating as DC Farms,1557 County Road 34,1557 County Road 34 Lot 9 Concession 3 Eastern Division Geographic Township of Gosfield,Kingsville,Miscellaneous Industrial,Windsor,"PHOSPHORUS, TOTAL",ECA/CofA/Permit Non-Compliance,2021-03-22,2021-06-15,0.5,mg/L,rolling avg,1,0.607,0.607,Action Plan Submitted - Implementing Improvements,Assessment Underway
1659437 Ontario Limited and 1659439 Ontario Limited acting as general partners and operating as DC Farms,1557 County Road 34,1557 County Road 34 Lot 9 Concession 3 Eastern Division Geographic Township of Gosfield,Kingsville,Miscellaneous Industrial,Windsor,ZINC,ECA/CofA/Permit Non-Compliance,2021-03-22,2021-06-15,0.1,mg/L,rolling avg,1,0.103,0.103,Action Plan Submitted - Implementing Improvements,Assessment Underway
1659437 Ontario Limited and 1659439 Ontario Limited acting as general partners and operating as DC Farms,1557 County Road 34,1557 County Road 34 Lot 9 Concession 3 Eastern Division Geographic Township of Gosfield,Kingsville,Miscellaneous Industrial,Windsor,"PHOSPHORUS, TOTAL",ECA/CofA/Permit Non-Compliance,2021-04-21,2021-07-14,0.5,mg/L,rolling avg,1,0.967,0.967,Action Plan Submitted - Implementing Improvements,Assessment Underway
1659437 Ontario Limited and 1659439 Ontario Limited acting as general partners and operating as DC Farms,1557 County Road 34,1557 County Road 34 Lot 9 Concession 3 Eastern Division Geographic Township of Gosfield,Kingsville,Miscellaneous Industrial,Windsor,"PHOSPHORUS, TOTAL",ECA/CofA/Permit Non-Compliance,2021-05-01,2021-08-31,0.5,mg/L,rolling avg,1,0.53025,0.53025,Action Plan Submitted - Implementing Improvements,Voluntary Abatement Program Underway
1974568 Ontario Limited,Aphria/Diamond Greenhouse,620 County Road 14,Leamington,Miscellaneous Industrial,Windsor,"PHOSPHORUS, TOTAL",ECA/CofA/Permit Non-Compliance,2021-12-01,2021-12-31,0.3,mg/L,rolling avg,1,0.4,0.4,Operational Process Modification,Assessment Complete - Incident Resolved
2847172 Ontario Inc.,Bridgenorth Car Wash,1041 Gore Street,Selwyn,Industrial Sewage,Peterborough,"PHOSPHORUS, TOTAL",ECA/CofA/Permit Non-Compliance,2021-02-11,2021-02-11,0.25,mg/L,any,1,0.62,0.62,Additional monitoring underway,Assessment Complete - No Action Required
Agriville Farms Ltd.,Agriville Farms Ltd.,1600 Kratz Rd,Kingsville,Miscellaneous Industrial,Windsor,ZINC,ECA/CofA/Permit Non-Compliance,2020-10-01,2021-01-21,0.1,mg/L,rolling avg,1,0.11475,0.11475,Other,Assessment Underway
Alamos Gold Inc.,Young-Davidson Mine,Young-Davidson Mine Site - Highway 566,Matachewan,Metal Mining and Refining,Timmins,TOTAL SUSPENDED SOLIDS,ECA/CofA/Permit Non-Compliance,2021-04-28,2021-04-28,30,mg/L, /d,1,150,150,Equipment Modified - Repaired - Replaced or Re-calibrated,Assessment Complete - Incident Resolved; Voluntary Abatement Program Underway; Environmental Penalty Order Issued
Algoma Steel Inc.,Algoma Steel Inc. - 105 West Street,105 West St,Sault Ste. Marie,Iron and Steel,Sault Ste. Marie,PHENOL,ECA/CofA/Permit Non-Compliance,2021-09-01,2021-09-30,1.45,kg/d,mon avg,1,1.9566,1.9566,Other,Assessment Underway; Other Abatement Action Taken
Algoma Steel Inc.,Algoma Steel Inc. - 105 West Street,105 West St,Sault Ste. Marie,Iron and Steel,Sault Ste. Marie,Phenol,ECA/CofA/Permit Non-Compliance,2021-09-28,2021-09-28,4.34,kg/d,daily avg,1,7.6033,7.6033,Other,Assessment Underway; Other Abatement Action Taken
Algoma Tubes Inc.,Algoma Tubes,547 Wallace Terr,Sault Ste. Marie,Iron and Steel,Sault Ste. Marie,ACUTE LETHALITY - DAPHNIA,ECA/CofA/Permit Non-Compliance,2021-02-03,2021-02-03,0,acute toxicity,any,1,1,1,Action Plan Submitted - Implementing Improvements; Conducting Study,Environmental Penalty Order Issued
Algoma Tubes Inc.,Algoma Tubes,547 Wallace Terr,Sault Ste. Marie,Iron and Steel,Sault Ste. Marie,ACUTE LETHALITY - DAPHNIA,ECA/CofA/Permit Non-Compliance,2021-12-20,2021-12-20,0,acute toxicity,any,1,1,1,Additional Monitoring Underway; Conducting Study; Equipment Modified - Repaired - Replaced or Re-calibrated,Other Abatement Action Taken; Provincial Officer's Order Issued
"ArcelorMittal Canada MP Inc. and ArcelorMittal Canada Inc., operating as ArcelorMittal Dofasco G.P.",Arcelor Mittal Dofasco Inc.,1495 Burlington St E Dofasco Bayfront Plant Gate 10 Lot 2 Concession Broken Front,Hamilton,Iron and Steel,Hamilton,TOTAL SUSPENDED SOLIDS,ECA/CofA/Permit Non-Compliance,2021-03-09,2021-03-09,1760,kg/d, /d,1,2658,2658,Other,Assessment Complete - Incident Resolved; Other Abatement Action Taken
"ArcelorMittal Canada MP Inc. and ArcelorMittal Canada Inc., operating as ArcelorMittal Dofasco G.P.",Arcelor Mittal Dofasco Inc.,1495 Burlington St E Dofasco Bayfront Plant Gate 10 Lot 2 Concession Broken Front,Hamilton,Iron and Steel,Hamilton,ZINC,ECA/CofA/Permit Non-Compliance,2021-03-09,2021-03-09,36,kg/d, /d,1,72.5,72.5,Other,Assessment Complete - Incident Resolved; Other Abatement Action Taken
Belwood Poultry Limited,Belwood Poultry Limited,4272 Conc 4 N,Amherstburg,Miscellaneous Industrial,Windsor,TOTAL AMMONIA NITROGEN,ECA/CofA/Permit Non-Compliance,2021-12-01,2021-12-31,5,mg/L,mon avg,1,7,7,Operational Process Modification,Assessment Complete - No Action Required
Boem Berry Farms Inc.,Boem Berry Farms Inc.,684 Road 2 E Part Lot 4 Concession 2 ED,Kingsville,Miscellaneous Industrial,Windsor,"PHOSPHORUS, TOTAL",ECA/CofA/Permit Non-Compliance,2020-11-01,2021-02-28,0.5,mg/L,rolling avg,1,1.32,1.32,Other,Assessment Underway
Boem Berry Farms Inc.,Boem Berry Farms Inc.,684 Road 2 E Part Lot 4 Concession 2 ED,Kingsville,Miscellaneous Industrial,Windsor,ZINC,ECA/CofA/Permit Non-Compliance,2020-11-01,2021-02-28,0.1,mg/L,rolling avg,1,0.15,0.15,Other,Assessment Underway
Canadian Nuclear Laboratories,Mill St Pumping Station,"95 Mill St, South",Port Hope,Miscellaneous Industrial,Peterborough,BORON,ECA/CofA/Permit Non-Compliance,2021-03-31,2021-04-07,1500,ug/L,Weekly,2,1800,2400,Additonal Monitoring Underway,Assessment Complete - No Action Required
Colasanti Farms Limited,1500 Road 3 East,1500 Road 3 E,Kingsville,Miscellaneous Industrial,Windsor,ZINC,ECA/CofA/Permit Non-Compliance,2021-04-01,2021-04-30,0.1,mg/L,rolling avg,1,0.947,0.947,Other,Assessment Underway
"Colonial Construction, Store Fixtures & Equipment Ltd.",Wayside Dining Lounge,10680 Sunset Rd,Southwold,Miscellaneous Industrial,London,"PHOSPHORUS, TOTAL",ECA/CofA/Permit Non-Compliance,2021-05-01,2021-05-31,1,mg/L,mon avg,1,1.24,1.24,Operational Process Modification,Assessment Complete - Incident Resolved
CRH Canada Group Inc.,Ash Grove,2391 Lakeshore Rd W,Mississauga,Industrial Minerals,Halton-Peel,TOTAL SUSPENDED SOLIDS,Legislation Non-Compliance,2021-02-02,2021-09-07,50,mg/L,any,3,53.4,84.8,Action Plan Submitted - Implementing Improvements; New/Amended Approval,Assessment Underway; Other Abatement Action Taken
CRH Canada Group Inc.,Ash Grove,2391 Lakeshore Rd W,Mississauga,Industrial Minerals,Halton-Peel,TOTAL SUSPENDED SOLIDS,Legislation Non-Compliance,2021-02-02,2021-07-31,25,mg/L,mon avg,2,27.1,31.4,Action Plan Submitted - Implementing Improvements; New/Amended Approval,Assessment Underway; Other Abatement Action Taken
Di Ciocco Farms Eastside Inc.,Di Ciocco Farms Eastside Incorporated,308 Talbot St E,Leamington,Miscellaneous Industrial,Windsor,ZINC,ECA/CofA/Permit Non-Compliance,2021-10-18,2021-11-25,0.1,mg/L,rolling avg,1,0.175,0.175,Additional Monitoring Underway,Assessment Underway
Di Ciocco Farms Eastside Inc.,Di Ciocco Farms Eastside Incorporated,308 Talbot St E,Leamington,Miscellaneous Industrial,Windsor,ZINC,ECA/CofA/Permit Non-Compliance,2021-11-25,2021-12-15,0.1,mg/L,rolling avg,1,0.168,0.168,Additional Monitoring Underway,Assessment Underway
Di Ciocco Farms Incorporated,Di Ciocco Farms Incorporated,294 Talbot St E,Leamington,Miscellaneous Industrial,Windsor,ZINC,ECA/CofA/Permit Non-Compliance,2021-02-01,2021-02-28,0.1,mg/L,rolling avg,1,0.27875,0.27875,Conducting Study,Assessment Underway
Di Ciocco Farms Incorporated,Di Ciocco Farms Incorporated,294 Talbot St E,Leamington,Miscellaneous Industrial,Windsor,ZINC,ECA/CofA/Permit Non-Compliance,2021-10-18,2021-11-25,0.1,mg/L,rolling avg,1,0.177,0.177,Additional Monitoring Underway,Assessment Underway
Di Ciocco Farms Incorporated,Di Ciocco Farms Incorporated,294 Talbot St E,Leamington,Miscellaneous Industrial,Windsor,ZINC,ECA/CofA/Permit Non-Compliance,2021-11-25,2021-12-15,0.1,mg/L,rolling avg,1,0.136,0.136,Additional Monitoring Underway,Assessment Underway
DiCiocco Sonny Farms Inc.,310 Talbot Road East,310 Talbot Rd E Lot 239 STR Concession,Leamington,Miscellaneous Industrial,Windsor,ZINC,ECA/CofA/Permit Non-Compliance,2021-11-26,2021-12-16,0.1,mg/L,rolling avg,1,0.241,0.241,Additional Monitoring Underway,Assessment Underway
Domtar Inc.,Domtar Wood Preserving Plant,"126 Marmora St,",Quinte West,Miscellaneous Industrial,Peterborough,TOTAL SUSPENDED SOLIDS,ECA/CofA/Permit Non-Compliance,2021-03-20,2021-05-13,10,mg/L,Weekly,2,22,76,None Required,Assessment Complete - No Action Required
DVD Farms Limited,DVD FARMS,1132 Seacliff Dr E,Leamington,Miscellaneous Industrial,Windsor,ZINC,ECA/CofA/Permit Non-Compliance,2021-11-01,2021-11-30,0.1,mg/L,rolling avg,1,0.231,0.231,Additional Monitoring Underway,Assessment Underway
DVD Farms Limited,DVD FARMS,1132 Seacliff Dr E,Leamington,Miscellaneous Industrial,Windsor,ZINC,ECA/CofA/Permit Non-Compliance,2021-12-01,2021-12-31,0.1,mg/L,rolling avg,1,0.316,0.316,Additional Monitoring Underway,Assessment Underway
Envirofix Corporation; King & Benton Canal Bank Regeneration Lands Inc.,65 Canal Bank Street,65 Canal Bank St,Welland,Miscellaneous Industrial,Niagara,ZINC,ECA/CofA/Permit Non-Compliance,2021-09-02,2021-09-02,30,µg/L,any,1,37,37,Action Plan Submitted - Implementing Improvements; Additional Monitoring Underway; Equipment Modified - Repaired - Replaced or Re-calibrated; Order Appealed,Other Abatement Action Taken; Provincial Officer's Order Issued
Envirofix Corporation; King & Benton Canal Bank Regeneration Lands Inc.,65 Canal Bank Street,65 Canal Bank St,Welland,Miscellaneous Industrial,Niagara,"AMMONIA, UNIONIZED",ECA/CofA/Permit Non-Compliance,2021-11-03,2021-11-03,20,µg/L,any,1,28,28,Action Plan Submitted - Implementing Improvements; Additional Monitoring Underway; Equipment Modified - Repaired - Replaced or Re-calibrated; Order Appealed,Other Abatement Action Taken; Provincial Officer's Order Issued
Envirofix Corporation; King & Benton Canal Bank Regeneration Lands Inc.,65 Canal Bank Street,65 Canal Bank St,Welland,Miscellaneous Industrial,Niagara,MANGANESE,ECA/CofA/Permit Non-Compliance,2021-12-03,2021-12-03,50,µg/L,any,1,69,69,Action Plan Submitted - Implementing Improvements; Additional Monitoring Underway; Equipment Modified - Repaired - Replaced or Re-calibrated; Order Appealed,Other Abatement Action Taken; Provincial Officer's Order Issued
Envirofix Corporation; King & Benton Canal Bank Regeneration Lands Inc.,65 Canal Bank Street,65 Canal Bank St,Welland,Miscellaneous Industrial,Niagara,SILVER,ECA/CofA/Permit Non-Compliance,2021-12-03,2021-12-03,0.1,µg/L,any,1,0.3,0.3,Action Plan Submitted - Implementing Improvements; Additional Monitoring Underway; Equipment Modified - Repaired - Replaced or Re-calibrated; Order Appealed,Other Abatement Action Taken; Provincial Officer's Order Issued
Envirofix Corporation; King & Benton Canal Bank Regeneration Lands Inc.,65 Canal Bank Street,65 Canal Bank St,Welland,Miscellaneous Industrial,Niagara,ALUMINUM,ECA/CofA/Permit Non-Compliance,2021-12-10,2021-12-10,75,µg/L,any,1,78,78,Action Plan Submitted - Implementing Improvements; Additional Monitoring Underway; Equipment Modified - Repaired - Replaced or Re-calibrated; Order Appealed,Other Abatement Action Taken; Provincial Officer's Order Issued
"Ford Motor Company of Canada, Limited",Ford Windsor Engine Plant,1000 Henry Ford Centre Dr  3200 Seminole Street,Windsor,Miscellaneous Industrial,Windsor,TOTAL SUSPENDED SOLIDS,ECA/CofA/Permit Non-Compliance,2021-07-16,2021-07-16,30,mg/L,"12 samples per year, spaced appropriately to represent yearly storm precipitation ",1,39.4,39.4,None Required,Assessment Complete - Incident Resolved
Fowler Construction Company Limited,Fleming Quarry,3230 Switch Rd,Ramara,Miscellaneous Industrial,Barrie,TOTAL SUSPENDED SOLIDS,ECA/CofA/Permit Non-Compliance,2021-09-24,2021-12-10,25,mg/L,mon avg,4,46,72,Training/Procedure Change,Other Abatement Action Taken
GREENSTONE GOLD MINES GP INC.,Greenstone Gold Mines,"8000 Highway 11; PO Bag 10; Geraldton, Ontario; P0T 1M0",Greenstone,METAL MINING AND REFINING,Thunder Bay,IRON,ECA/CofA/Permit Non-Compliance,2021-09-01,2021-09-30,0.6,mg/L,mon avg,1,0.6235,0.6235,None Required,Assessment Complete - No Action Required
GREENSTONE GOLD MINES GP INC.,Greenstone Gold Mines,"8000 Highway 11; PO Bag 10; Geraldton, Ontario; P0T 1M0",Greenstone,METAL MINING AND REFINING,Thunder Bay,TOTAL AMMONIA NITROGEN,ECA/CofA/Permit Non-Compliance,2021-11-10,2021-11-13,6,mg/L,daily,4,6.06,7.18,Action Plan Submitted - Implementing Improvements,Notice of Violation
Gwillimdale Farms Ltd.,Gwillimdale Farms Ltd.,2026 Line 11 P.O. Box 1385,Bradford West Gwillimbury,Miscellaneous Industrial,Barrie,CARBONACEOUS BIOCHEMICAL OXYGEN DEMAND,ECA/CofA/Permit Non-Compliance,2021-01-01,2021-01-31,25,mg/L,mon avg,1,285,285,Action Plan Submitted - Implementing Improvements,Voluntary Abatement Program Underway
Gwillimdale Farms Ltd.,Gwillimdale Farms Ltd.,2026 Line 11 P.O. Box 1385,Bradford West Gwillimbury,Miscellaneous Industrial,Barrie,"PHOSPHORUS, TOTAL",ECA/CofA/Permit Non-Compliance,2021-01-01,2021-01-31,1,mg/L,mon avg,1,3.7,3.7,Action Plan Submitted - Implementing Improvements,Voluntary Abatement Program Underway
Gwillimdale Farms Ltd.,Gwillimdale Farms Ltd.,2026 Line 11 P.O. Box 1385,Bradford West Gwillimbury,Miscellaneous Industrial,Barrie,TOTAL SUSPENDED SOLIDS,ECA/CofA/Permit Non-Compliance,2021-01-01,2021-01-31,25,mg/L,mon avg,1,102.25,102.25,Action Plan Submitted - Implementing Improvements,Voluntary Abatement Program Underway
Gwillimdale Farms Ltd.,Gwillimdale Farms Ltd.,2026 Line 11 P.O. Box 1385,Bradford West Gwillimbury,Miscellaneous Industrial,Barrie,CARBONACEOUS BIOCHEMICAL OXYGEN DEMAND,ECA/CofA/Permit Non-Compliance,2021-02-01,2021-02-28,25,mg/L,mon avg,1,265,265,Action Plan Submitted - Implementing Improvements,Voluntary Abatement Program Underway
Gwillimdale Farms Ltd.,Gwillimdale Farms Ltd.,2026 Line 11 P.O. Box 1385,Bradford West Gwillimbury,Miscellaneous Industrial,Barrie,"PHOSPHORUS, TOTAL",ECA/CofA/Permit Non-Compliance,2021-02-01,2021-02-28,1,mg/L,mon avg,1,4.77,4.77,Action Plan Submitted - Implementing Improvements,Voluntary Abatement Program Underway
Gwillimdale Farms Ltd.,Gwillimdale Farms Ltd.,2026 Line 11 P.O. Box 1385,Bradford West Gwillimbury,Miscellaneous Industrial,Barrie,TOTAL SUSPENDED SOLIDS,ECA/CofA/Permit Non-Compliance,2021-02-01,2021-02-28,25,mg/L,mon avg,1,204,204,Action Plan Submitted - Implementing Improvements,Voluntary Abatement Program Underway
Gwillimdale Farms Ltd.,Gwillimdale Farms Ltd.,2026 Line 11 P.O. Box 1385,Bradford West Gwillimbury,Miscellaneous Industrial,Barrie,CARBONACEOUS BIOCHEMICAL OXYGEN DEMAND,ECA/CofA/Permit Non-Compliance,2021-03-01,2021-03-31,25,mg/L,mon avg,1,284,284,Action Plan Submitted - Implementing Improvements,Voluntary Abatement Program Underway
Gwillimdale Farms Ltd.,Gwillimdale Farms Ltd.,2026 Line 11 P.O. Box 1385,Bradford West Gwillimbury,Miscellaneous Industrial,Barrie,"PHOSPHORUS, TOTAL",ECA/CofA/Permit Non-Compliance,2021-03-01,2021-03-31,1,mg/L,mon avg,1,4.34,4.34,Action Plan Submitted - Implementing Improvements,Voluntary Abatement Program Underway
Gwillimdale Farms Ltd.,Gwillimdale Farms Ltd.,2026 Line 11 P.O. Box 1385,Bradford West Gwillimbury,Miscellaneous Industrial,Barrie,TOTAL SUSPENDED SOLIDS,ECA/CofA/Permit Non-Compliance,2021-03-01,2021-03-31,25,mg/L,mon avg,1,178.2,178.2,Action Plan Submitted - Implementing Improvements,Voluntary Abatement Program Underway
Gwillimdale Farms Ltd.,Gwillimdale Farms Ltd.,2026 Line 11 P.O. Box 1385,Bradford West Gwillimbury,Miscellaneous Industrial,Barrie,CARBONACEOUS BIOCHEMICAL OXYGEN DEMAND,ECA/CofA/Permit Non-Compliance,2021-04-01,2021-04-30,25,mg/L,mon avg,1,200,200,Action Plan Submitted - Implementing Improvements; New/Amended Approval,Assessment Complete - No Action Required; Other Abatement Action Taken
Gwillimdale Farms Ltd.,Gwillimdale Farms Ltd.,2026 Line 11 P.O. Box 1385,Bradford West Gwillimbury,Miscellaneous Industrial,Barrie,"PHOSPHORUS, TOTAL",ECA/CofA/Permit Non-Compliance,2021-04-01,2021-04-30,1,mg/L,mon avg,1,3.48,3.48,Action Plan Submitted - Implementing Improvements; New/Amended Approval,Assessment Complete - No Action Required; Other Abatement Action Taken
Gwillimdale Farms Ltd.,Gwillimdale Farms Ltd.,2026 Line 11 P.O. Box 1385,Bradford West Gwillimbury,Miscellaneous Industrial,Barrie,TOTAL SUSPENDED SOLIDS,ECA/CofA/Permit Non-Compliance,2021-04-01,2021-04-30,25,mg/L,mon avg,1,158.88,158.88,Action Plan Submitted - Implementing Improvements; New/Amended Approval,Assessment Complete - No Action Required; Other Abatement Action Taken
Gwillimdale Farms Ltd.,Gwillimdale Farms Ltd.,2026 Line 11 P.O. Box 1385,Bradford West Gwillimbury,Miscellaneous Industrial,Barrie,CARBONACEOUS BIOCHEMICAL OXYGEN DEMAND,ECA/CofA/Permit Non-Compliance,2021-05-01,2021-05-31,25,mg/L,mon avg,1,109.75,109.75,Action Plan Submitted - Implementing Improvements,Voluntary Abatement Program Underway
Gwillimdale Farms Ltd.,Gwillimdale Farms Ltd.,2026 Line 11 P.O. Box 1385,Bradford West Gwillimbury,Miscellaneous Industrial,Barrie,"PHOSPHORUS, TOTAL",ECA/CofA/Permit Non-Compliance,2021-05-01,2021-05-31,1,mg/L,mon avg,1,2.49,2.49,Action Plan Submitted - Implementing Improvements,Voluntary Abatement Program Underway
Gwillimdale Farms Ltd.,Gwillimdale Farms Ltd.,2026 Line 11 P.O. Box 1385,Bradford West Gwillimbury,Miscellaneous Industrial,Barrie,TOTAL SUSPENDED SOLIDS,ECA/CofA/Permit Non-Compliance,2021-05-01,2021-05-31,25,mg/L,mon avg,1,83.5,83.5,Action Plan Submitted - Implementing Improvements,Voluntary Abatement Program Underway
Gwillimdale Farms Ltd.,Gwillimdale Farms Ltd.,2026 Line 11 P.O. Box 1385,Bradford West Gwillimbury,Miscellaneous Industrial,Barrie,"PHOSPHORUS, TOTAL",ECA/CofA/Permit Non-Compliance,2021-06-01,2021-06-30,1,mg/L,mon avg,1,1.12,1.12,None Required,Assessment Complete - No Action Required
Gwillimdale Farms Ltd.,Gwillimdale Farms Ltd.,2026 Line 11 P.O. Box 1385,Bradford West Gwillimbury,Miscellaneous Industrial,Barrie,TOTAL SUSPENDED SOLIDS,ECA/CofA/Permit Non-Compliance,2021-06-01,2021-06-30,25,mg/L,mon avg,1,47.26,47.26,None Required,Assessment Complete - No Action Required
Gwillimdale Farms Ltd.,Gwillimdale Farms Ltd.,2026 Line 11 P.O. Box 1385,Bradford West Gwillimbury,Miscellaneous Industrial,Barrie,TOTAL SUSPENDED SOLIDS,ECA/CofA/Permit Non-Compliance,2021-07-01,2021-07-31,25,mg/L,mon avg,1,27.05,27.05,Action Plan Submitted - Implementing Improvements,Assessment Complete - No Action Required
Gwillimdale Farms Ltd.,Gwillimdale Farms Ltd.,2026 Line 11 P.O. Box 1385,Bradford West Gwillimbury,Miscellaneous Industrial,Barrie,CARBONACEOUS BIOCHEMICAL OXYGEN DEMAND,ECA/CofA/Permit Non-Compliance,2021-08-01,2021-08-31,25,mg/L,mon avg,1,32.94,32.94,Action Plan Submitted - Implementing Improvements,Other Abatement Action Taken
Gwillimdale Farms Ltd.,Gwillimdale Farms Ltd.,2026 Line 11 P.O. Box 1385,Bradford West Gwillimbury,Miscellaneous Industrial,Barrie,"PHOSPHORUS, TOTAL",ECA/CofA/Permit Non-Compliance,2021-08-01,2021-08-31,1,mg/L,mon avg,1,1.662,1.662,Action Plan Submitted - Implementing Improvements,Other Abatement Action Taken
Gwillimdale Farms Ltd.,Gwillimdale Farms Ltd.,2026 Line 11 P.O. Box 1385,Bradford West Gwillimbury,Miscellaneous Industrial,Barrie,TOTAL SUSPENDED SOLIDS,ECA/CofA/Permit Non-Compliance,2021-08-01,2021-08-31,25,mg/L,mon avg,1,30.2,30.2,Action Plan Submitted - Implementing Improvements,Other Abatement Action Taken
Gwillimdale Farms Ltd.,Gwillimdale Farms Ltd.,2026 Line 11 P.O. Box 1385,Bradford West Gwillimbury,Miscellaneous Industrial,Barrie,CARBONACEOUS BIOCHEMICAL OXYGEN DEMAND,ECA/CofA/Permit Non-Compliance,2021-09-01,2021-09-30,25,mg/L,mon avg,1,53.65,53.65,Action Plan Submitted - Implementing Improvements,Other Abatement Action Taken
Gwillimdale Farms Ltd.,Gwillimdale Farms Ltd.,2026 Line 11 P.O. Box 1385,Bradford West Gwillimbury,Miscellaneous Industrial,Barrie,"PHOSPHORUS, TOTAL",ECA/CofA/Permit Non-Compliance,2021-09-01,2021-09-30,1,mg/L,mon avg,1,2.23,2.23,Action Plan Submitted - Implementing Improvements,Other Abatement Action Taken
Gwillimdale Farms Ltd.,Gwillimdale Farms Ltd.,2026 Line 11 P.O. Box 1385,Bradford West Gwillimbury,Miscellaneous Industrial,Barrie,TOTAL SUSPENDED SOLIDS,ECA/CofA/Permit Non-Compliance,2021-09-01,2021-09-30,25,mg/L,mon avg,1,41.075,41.075,Action Plan Submitted - Implementing Improvements,Other Abatement Action Taken
Gwillimdale Farms Ltd.,Gwillimdale Farms Ltd.,2026 Line 11 P.O. Box 1385,Bradford West Gwillimbury,Miscellaneous Industrial,Barrie,CARBONACEOUS BIOCHEMICAL OXYGEN DEMAND,ECA/CofA/Permit Non-Compliance,2021-10-01,2021-10-31,25,mg/L,mon avg,1,88.125,88.125,Action Plan Submitted - Implementing Improvements; New/Amended Approval,Other Abatement Action Taken
Gwillimdale Farms Ltd.,Gwillimdale Farms Ltd.,2026 Line 11 P.O. Box 1385,Bradford West Gwillimbury,Miscellaneous Industrial,Barrie,"PHOSPHORUS, TOTAL",ECA/CofA/Permit Non-Compliance,2021-10-01,2021-10-31,1,mg/L,mon avg,1,2.25,2.25,Action Plan Submitted - Implementing Improvements; New/Amended Approval,Other Abatement Action Taken
Gwillimdale Farms Ltd.,Gwillimdale Farms Ltd.,2026 Line 11 P.O. Box 1385,Bradford West Gwillimbury,Miscellaneous Industrial,Barrie,TOTAL SUSPENDED SOLIDS,ECA/CofA/Permit Non-Compliance,2021-10-01,2021-10-31,25,mg/L,mon avg,1,72.75,72.75,Action Plan Submitted - Implementing Improvements; New/Amended Approval,Other Abatement Action Taken
Gwillimdale Farms Ltd.,Gwillimdale Farms Ltd.,2026 Line 11 P.O. Box 1385,Bradford West Gwillimbury,Miscellaneous Industrial,Barrie,CARBONACEOUS BIOCHEMICAL OXYGEN DEMAND,ECA/CofA/Permit Non-Compliance,2021-11-01,2021-11-30,25,mg/L,mon avg,1,198.4,198.4,Action Plan Submitted - Implementing Improvements,Other Abatement Action Taken
Gwillimdale Farms Ltd.,Gwillimdale Farms Ltd.,2026 Line 11 P.O. Box 1385,Bradford West Gwillimbury,Miscellaneous Industrial,Barrie,"PHOSPHORUS, TOTAL",ECA/CofA/Permit Non-Compliance,2021-11-01,2021-11-30,1,mg/L,mon avg,1,2.586,2.586,Action Plan Submitted - Implementing Improvements,Other Abatement Action Taken
Gwillimdale Farms Ltd.,Gwillimdale Farms Ltd.,2026 Line 11 P.O. Box 1385,Bradford West Gwillimbury,Miscellaneous Industrial,Barrie,TOTAL SUSPENDED SOLIDS,ECA/CofA/Permit Non-Compliance,2021-11-01,2021-11-30,25,mg/L,mon avg,1,83.2,83.2,Action Plan Submitted - Implementing Improvements,Other Abatement Action Taken
Gwillimdale Farms Ltd.,Gwillimdale Farms Ltd.,2026 Line 11 P.O. Box 1385,Bradford West Gwillimbury,Miscellaneous Industrial,Barrie,CARBONACEOUS BIOCHEMICAL OXYGEN DEMAND,ECA/CofA/Permit Non-Compliance,2021-12-01,2021-12-31,25,mg/L,mon avg,1,246.75,246.75,Action Plan Submitted - Implementing Improvements,Other Abatement Action Taken
Gwillimdale Farms Ltd.,Gwillimdale Farms Ltd.,2026 Line 11 P.O. Box 1385,Bradford West Gwillimbury,Miscellaneous Industrial,Barrie,"PHOSPHORUS, TOTAL",ECA/CofA/Permit Non-Compliance,2021-12-01,2021-12-31,1,mg/L,mon avg,1,2.725,2.725,Action Plan Submitted - Implementing Improvements,Other Abatement Action Taken
Gwillimdale Farms Ltd.,Gwillimdale Farms Ltd.,2026 Line 11 P.O. Box 1385,Bradford West Gwillimbury,Miscellaneous Industrial,Barrie,TOTAL SUSPENDED SOLIDS,ECA/CofA/Permit Non-Compliance,2021-12-01,2021-12-31,25,mg/L,mon avg,1,77,77,Action Plan Submitted - Implementing Improvements,Other Abatement Action Taken
Harold Sutherland Construction Ltd.,Keppel Quarry,"Lot: 28, Concession: 10",Georgian Bluffs,Miscellaneous Industrial,Owen Sound,TOTAL AMMONIA NITROGEN,ECA/CofA/Permit Non-Compliance,2021-08-01,2021-08-31,2,mg/L,mon avg,1,15.7,15.7,Additional Monitoring Underway,Assessment Complete - No Action Required
Henry Blyth Farms Inc.,82974A London Road,82974A London Rd,Central Huron,Miscellaneous Industrial,Owen Sound,TOTAL AMMONIA NITROGEN,ECA/CofA/Permit Non-Compliance,2021-03-01,2021-03-31,5,mg/L,mon avg,1,6.4,6.4,Additional Monitoring Underway; New Equipment or Treatment Process Installed,Assessment Complete - Incident Resolved
Henry Blyth Farms Inc.,82974A London Road,82974A London Rd,Central Huron,Miscellaneous Industrial,Owen Sound,TOTAL AMMONIA NITROGEN,ECA/CofA/Permit Non-Compliance,2021-05-01,2021-05-31,5,mg/L,mon avg,1,6.1,6.1,Equipment Modified - Repaired - Replaced or Re-calibrated,Assessment Complete - Incident Resolved
Henry Blyth Farms Inc.,82974A London Road,82974A London Rd,Central Huron,Miscellaneous Industrial,Owen Sound,TOTAL AMMONIA NITROGEN,ECA/CofA/Permit Non-Compliance,2021-06-10,2021-06-10,5,mg/L,mon avg,2,10.4,10.4,Operational Process Modification,Voluntary Abatement Program Underway
Henry Blyth Farms Inc.,82974A London Road,82974A London Rd,Central Huron,Miscellaneous Industrial,Owen Sound,TOTAL AMMONIA NITROGEN,ECA/CofA/Permit Non-Compliance,2021-07-01,2021-07-31,5,mg/L,mon avg,1,5.4,5.4,Ceased Operations,Assessment Underway; Voluntary Abatement Program Underway
Henry Blyth Farms Inc.,82974A London Road,82974A London Rd,Central Huron,Miscellaneous Industrial,Owen Sound,TOTAL AMMONIA NITROGEN,ECA/CofA/Permit Non-Compliance,2021-09-01,2021-09-30,5,mg/L,mon avg,1,6.2,6.2,Ceased Operations,Voluntary Abatement Program Underway
Hillside Hothouse Limited,Hillside Hothouse Limited,1541 County Road 34 Lot 9 Gosfield Concession 3 E.D.,Kingsville,Miscellaneous Industrial,Windsor,PH - LOW,ECA/CofA/Permit Non-Compliance,2021-01-01,2021-01-01,6.5,pH,any,1,5.7,5.7,None Required,Assessment Complete - No Action Required
IAMGOLD Corporation,Cote Gold Project Site,3 Mesomikenda Lake Rd,Chester,Metal Mining and Refining,Timmins,"PHOSPHORUS, TOTAL",ECA/CofA/Permit Non-Compliance,2021-07-01,2021-07-31,0.45,mg/L,mon avg,1,0.49,0.49,New/Amended Approval; New/Modified Sampling Program Underway,Assessment Complete - Incident Resolved
IAMGOLD Corporation,Cote Gold Project Site,3 Mesomikenda Lake Rd,Chester,Metal Mining and Refining,Timmins,TOTAL SUSPENDED SOLIDS,ECA/CofA/Permit Non-Compliance,2021-08-15,2021-08-19,25,mg/L, /d,2,34,37.3,Action Plan Submitted - Implementing Improvements; Training/Procedure Change,Assessment Complete - Incident Resolved
IAMGOLD Corporation,Cote Gold Project Site,3 Mesomikenda Lake Rd,Chester,Metal Mining and Refining,Timmins,TOTAL SUSPENDED SOLIDS,ECA/CofA/Permit Non-Compliance,2021-08-29,2021-08-29,25,mg/L,any,1,51.3,51.3,Equipment Modified - Repaired - Replaced or Re-calibrated; New/Modified Sampling Program Underway; Operational Process Modification,Assessment Complete - Incident Resolved
IAMGOLD Corporation,Cote Gold Project Site,3 Mesomikenda Lake Rd,Chester,Metal Mining and Refining,Timmins,TOTAL SUSPENDED SOLIDS,ECA/CofA/Permit Non-Compliance,2021-08-29,2021-08-29,25,mg/L,any,1,256,256,Equipment Modified - Repaired - Replaced or Re-calibrated; New/Modified Sampling Program Underway; Operational Process Modification,Assessment Complete - Incident Resolved
IAMGOLD Corporation,Cote Gold Project Site,3 Mesomikenda Lake Rd,Chester,Metal Mining and Refining,Timmins,"PHOSPHORUS, TOTAL",ECA/CofA/Permit Non-Compliance,2021-10-01,2021-10-31,0.045,mg/L,mon avg,1,0.0475,0.0475,New/Amended Approval,Other Abatement Action Taken
IAMGOLD Corporation,Cote Gold Project Site,3 Mesomikenda Lake Rd,Chester,Metal Mining and Refining,Timmins,"PHOSPHORUS, TOTAL",ECA/CofA/Permit Non-Compliance,2021-11-01,2021-11-01,0.09,mg/L, /d,1,0.096,0.096,New/Amended Approval,Assessment Complete - No Action Required
J. C. Fresh Farms Ltd.,2495 Graham Side Road,2495 Graham Side Road,Kingsville,Miscellaneous Industrial,Windsor,"PHOSPHORUS, TOTAL",ECA/CofA/Permit Non-Compliance,2021-08-01,2021-11-08,0.5,mg/L,rolling avg,1,1.23,1.23,Equipment Modified - Repaired - Replaced or Re-calibrated,Assessment Complete - Incident Resolved
Keepsake Plants Ltd.,345 Seacliff Drive West,345 Seacliff Drive West,Leamington,Miscellaneous Industrial,Windsor,"PHOSPHORUS, TOTAL",ECA/CofA/Permit Non-Compliance,2021-11-01,2021-11-30,0.5,mg/L,rolling avg,1,0.66,0.66,Additional Monitoring Underway,Assessment Underway
Keepsake Plants Ltd.,345 Seacliff Drive West,345 Seacliff Drive West,Leamington,Miscellaneous Industrial,Windsor,POTASSIUM,ECA/CofA/Permit Non-Compliance,2021-12-01,2021-12-31,25,mg/L,rolling avg,1,33.2,33.2,Additional Monitoring Underway,Assessment Underway
Keller Bros. Greenhouses Inc.,Keller Bros. Greenhouse Inc.,1890 Road 5 E,Kingsville,Miscellaneous Industrial,Windsor,ZINC,ECA/CofA/Permit Non-Compliance,2021-01-01,2021-01-31,0.1,mg/L,rolling avg,1,0.1983,0.1983,Other,Assessment Underway
Keller Bros. Greenhouses Inc.,Keller Bros. Greenhouse Inc.,1890 Road 5 E,Kingsville,Miscellaneous Industrial,Windsor,ZINC,ECA/CofA/Permit Non-Compliance,2021-02-01,2021-02-28,0.1,mg/L,rolling avg,1,0.2538,0.2538,Other,Assessment Underway
Keller Bros. Greenhouses Inc.,Keller Bros. Greenhouse Inc.,1890 Road 5 E,Kingsville,Miscellaneous Industrial,Windsor,ZINC,ECA/CofA/Permit Non-Compliance,2021-03-01,2021-03-31,0.1,mg/L,rolling avg,1,0.2758,0.2758,Other,Assessment Underway
Keller Bros. Greenhouses Inc.,Keller Bros. Greenhouse Inc.,1890 Road 5 E,Kingsville,Miscellaneous Industrial,Windsor,ZINC,ECA/CofA/Permit Non-Compliance,2021-04-01,2021-04-30,0.1,mg/L,rolling avg,1,0.293,0.293,Other,Assessment Underway
Keller Bros. Greenhouses Inc.,Keller Bros. Greenhouse Inc.,1890 Road 5 E,Kingsville,Miscellaneous Industrial,Windsor,ZINC,ECA/CofA/Permit Non-Compliance,2021-05-01,2021-05-31,0.1,mg/L,rolling avg,1,0.2135,0.2135,Other,Other Abatement Action Taken
Keller Bros. Greenhouses Inc.,Keller Bros. Greenhouse Inc.,1890 Road 5 E,Kingsville,Miscellaneous Industrial,Windsor,ZINC,ECA/CofA/Permit Non-Compliance,2021-06-01,2021-06-30,0.1,mg/L,rolling avg,1,0.2018,0.2018,Other,Other Abatement Action Taken
Keller Bros. Greenhouses Inc.,Keller Bros. Greenhouse Inc.,1890 Road 5 E,Kingsville,Miscellaneous Industrial,Windsor,ZINC,ECA/CofA/Permit Non-Compliance,2021-08-01,2021-08-31,0.1,mg/L,rolling avg,1,0.166,0.166,Other,Other Abatement Action Taken
Keller Bros. Greenhouses Inc.,Keller Bros. Greenhouse Inc.,1890 Road 5 E,Kingsville,Miscellaneous Industrial,Windsor,ZINC,ECA/CofA/Permit Non-Compliance,2021-09-01,2021-09-30,0.1,mg/L,rolling avg,1,0.31775,0.31775,Other,Other Abatement Action Taken
Keller Bros. Greenhouses Inc.,Keller Bros. Greenhouse Inc.,1890 Road 5 E,Kingsville,Miscellaneous Industrial,Windsor,ZINC,ECA/CofA/Permit Non-Compliance,2021-10-01,2021-12-31,0.1,mg/L,rolling avg,6,0.1545,0.333,Conducting Study,Voluntary Abatement Program Underway
Lake Shore Gold Corp.,Lake Shore Gold - Timmins Mine,8215 Hwy 101 W,Timmins,Metal Mining and Refining,Timmins,TOTAL SUSPENDED SOLIDS,ECA/CofA/Permit Non-Compliance,2021-06-25,2021-06-25,30,mg/L,any,1,32.3,32.3,Equipment Modified - Repaired - Replaced or Re-calibrated,Assessment Complete - Incident Resolved
Lakeshore Veggie Growers Inc.,Lakeshore Veggie Growers,155 Seacliff Dr W,Leamington,Miscellaneous Industrial,Windsor,ZINC,ECA/CofA/Permit Non-Compliance,2021-10-01,2021-10-31,0.1,mg/L,rolling avg,1,0.108,0.108,Additional Monitoring Underway,Assessment Underway
Lakeshore Veggie Growers Inc.,Lakeshore Veggie Growers,155 Seacliff Dr W,Leamington,Miscellaneous Industrial,Windsor,ZINC,ECA/CofA/Permit Non-Compliance,2021-11-01,2021-11-30,0.1,mg/L,rolling avg,1,0.334,0.334,Additional Monitoring Underway,Assessment Underway
Lakeview Greenhouses and Farm Ltd.,Lakeview Greenhouses and Farm,8381 Talbot Trail R.R. #1 Blenheim,Chatham-Kent,Miscellaneous Industrial,Windsor,ZINC,ECA/CofA/Permit Non-Compliance,2021-04-29,2021-07-09,0.1,mg/L,rolling avg,1,0.298,0.298,Conducting Study,Assessment Underway
Lakeview Greenhouses and Farm Ltd.,Lakeview Greenhouses and Farm,8381 Talbot Trail R.R. #1 Blenheim,Chatham-Kent,Miscellaneous Industrial,Windsor,ZINC,ECA/CofA/Permit Non-Compliance,2021-04-29,2021-07-09,0.1,mg/L,rolling avg,1,0.295,0.295,Conducting Study,Assessment Underway
Lakeview Greenhouses and Farm Ltd.,Lakeview Greenhouses and Farm,8381 Talbot Trail R.R. #1 Blenheim,Chatham-Kent,Miscellaneous Industrial,Windsor,ZINC,ECA/CofA/Permit Non-Compliance,2021-04-29,2021-07-09,0.1,mg/L,rolling avg,1,0.34,0.34,Conducting Study,Assessment Underway
Lyndon Fish Hatcheries Inc.,Lyndon Fish Hatchery,1738 Queen St & 1745 Huron Street New Dundee,Wilmot,Miscellaneous Industrial ,Guelph,"PHOSPHORUS, TOTAL",ECA/CofA/Permit Non-Compliance,2021-01-01,2021-12-31,0.1,mg/L,monthly,6,0.107,0.423,None Required,Assessment Complete - No Action Required
Lyndon Fish Hatcheries Inc.,Lyndon Fish Hatchery,1738 Queen St & 1745 Huron Street New Dundee,Wilmot,Miscellaneous Industrial ,Guelph,TOTAL SUSPENDED SOLIDS,ECA/CofA/Permit Non-Compliance,2021-01-01,2021-12-31,10,mg/L,monthly,6,10.4,17.2,None Required,Assessment Complete - No Action Required
Magris Talc Canada Inc.,Penhorwood Mine and Concentrator Facility,Penhorwood Mine Rd off Highway 101 West MNDM Mining Claim No. 563 911  Reeves Unorganized Township District of Sudbury,Reeves,Industrial Minerals,Timmins,ACUTE LETHALITY - TROUT,ECA/CofA/Permit Non-Compliance; Legislation Non-Compliance,2021-03-17,2021-03-17,0,acute toxicity,any,1,1,1,None Required,Environmental Penalty Order Issued
Magris Talc Canada Inc.,Penhorwood Mine and Concentrator Facility,Penhorwood Mine Rd off Highway 101 West MNDM Mining Claim No. 563 911  Reeves Unorganized Township District of Sudbury,Reeves,Industrial Minerals,Timmins,ARSENIC,ECA/CofA/Permit Non-Compliance,2021-11-01,2021-11-30,0.005,mg/L,mon avg,1,0.009,0.009,Additional Monitoring Underway; Conducting Study; Operational Process Modification,Assessment Underway; Voluntary Abatement Program Underway
Magris Talc Canada Inc.,Penhorwood Mine and Concentrator Facility,Penhorwood Mine Rd off Highway 101 West MNDM Mining Claim No. 563 911  Reeves Unorganized Township District of Sudbury,Reeves,Industrial Minerals,Timmins,"PHOSPHORUS, TOTAL",ECA/CofA/Permit Non-Compliance,2021-11-01,2021-11-30,0.03,mg/L,mon avg,1,0.065,0.065,Additional Monitoring Underway; Conducting Study; Operational Process Modification,Assessment Underway; Voluntary Abatement Program Underway
Magris Talc Canada Inc.,Penhorwood Mine and Concentrator Facility,Penhorwood Mine Rd off Highway 101 West MNDM Mining Claim No. 563 911  Reeves Unorganized Township District of Sudbury,Reeves,Industrial Minerals,Timmins,ARSENIC,ECA/CofA/Permit Non-Compliance,2021-12-01,2021-12-31,0.005,mg/L,mon avg,1,0.009,0.009,Additional Monitoring Underway; Conducting Study; Operational Process Modification,Assessment Underway; Voluntary Abatement Program Underway
Magris Talc Canada Inc.,Penhorwood Mine and Concentrator Facility,Penhorwood Mine Rd off Highway 101 West MNDM Mining Claim No. 563 911  Reeves Unorganized Township District of Sudbury,Reeves,Industrial Minerals,Timmins,"PHOSPHORUS, TOTAL",ECA/CofA/Permit Non-Compliance,2021-12-01,2021-12-31,0.03,mg/L,mon avg,1,0.534,0.534,Additional Monitoring Underway; Conducting Study; Operational Process Modification,Assessment Underway; Voluntary Abatement Program Underway
Mucci Farms Ltd.,1876 Seacliff Drive,1876 Seacliff Dr,Kingsville,Miscellaneous Industrial,Windsor,ZINC,ECA/CofA/Permit Non-Compliance,2020-11-01,2021-02-28,0.1,mg/L,rolling avg,1,0.16,0.16,Other,Assessment Underway
Mucci Farms Ltd.,1876 Seacliff Drive,1876 Seacliff Dr,Kingsville,Miscellaneous Industrial,Windsor,ZINC,ECA/CofA/Permit Non-Compliance,2021-03-01,2021-06-07,0.1,mg/L,rolling avg,1,0.12,0.12,Other,Assessment Underway
Mucci Farms Ltd. and Southshore Greenhouses Inc.,1746 Seacliff Drive and 1717 Road 2 E,1746 Seacliff Dr 1717 Road 2 E,Kingsville,Miscellaneous Industrial,Windsor,ZINC,ECA/CofA/Permit Non-Compliance,2021-08-17,2021-12-16,0.1,mg/L,rolling avg,1,0.59,0.59,Other,Other Abatement Action Taken
North Hastings Community Fish Hatchery,North Hastings Community Fish Hatchery,Geographic Township of Dungannon,Bancroft,Miscellaneous Industrial,Belleville,TOTAL SUSPENDED SOLIDS,ECA/CofA/Permit Non-Compliance,2021-03-03,2021-03-30,10,mg/L,mon avg,2,12.4,20,Operational Process Modification,Assessment Complete - No Action Required
NOVA Chemicals (Canada) Ltd. / NOVA Chimie (Canada) Ltee.,510 Moore Line,510 Moore Line,St. Clair,Inorganic Chemicals,Sarnia,PH - LOW,ECA/CofA/Permit Non-Compliance,2021-01-21,2021-01-25,6,pH,any,2,4.2,4.6,Equipment Modified - Repaired - Replaced or Re-calibrated; Operational Process Modification,Environmental Penalty Order Issued
NOVA Chemicals (Canada) Ltd. / NOVA Chimie (Canada) Ltee.,NOVA Chemicals - St. Clair River Site,285 Albert St,St. Clair,Organic Chemicals Manufacturing,Sarnia,TOTAL SUSPENDED SOLIDS,ECA/CofA/Permit Non-Compliance,2021-02-01,2021-02-28,570,kg/d,mon avg,1,861.06,861.06,Additional Monitoring Underway,Assessment Underway
NOVA Chemicals (Canada) Ltd. / NOVA Chimie (Canada) Ltee.,NOVA Chemicals - St. Clair River Site,285 Albert St,St. Clair,Organic Chemicals Manufacturing,Sarnia,TOTAL SUSPENDED SOLIDS,ECA/CofA/Permit Non-Compliance,2021-10-01,2021-10-31,570,kg/d,mon avg,1,590.5,590.5,Conducting Study,Assessment Underway
NOVA Chemicals (Canada) Ltd. / NOVA Chimie (Canada) Ltee.,NOVA Chemicals - St. Clair River Site,285 Albert St,St. Clair,Organic Chemicals Manufacturing,Sarnia,TOTAL SUSPENDED SOLIDS,ECA/CofA/Permit Non-Compliance,2021-10-25,2021-10-25,1300,kg/d,/d,1,1615,1615,Conducting Study,Assessment Underway
NOVA Chemicals Corporation,785 Petrolia Line,785 Petrolia Line,St. Clair,Petroleum Refineries,Sarnia,TEMPERATURE,ECA/CofA/Permit Non-Compliance,2021-02-24,2021-03-18,10,°C,/d,21,11,14,Additional Monitoring Underway; Conducting Study,Assessment Underway
NOVA Chemicals Corporation,785 Petrolia Line,785 Petrolia Line,St. Clair,Petroleum Refineries,Sarnia,TEMPERATURE,ECA/CofA/Permit Non-Compliance,2021-03-21,2021-04-13,10,°C,/d,19,11,15,Additional Monitoring Underway; Conducting Study,Assessment Underway
NOVA Chemicals Corporation,785 Petrolia Line,785 Petrolia Line,St. Clair,Petroleum Refineries,Sarnia,TEMPERATURE,ECA/CofA/Permit Non-Compliance,2021-04-14,2021-05-17,10,°C,/d,19,11,13,Additional Monitoring Underway; Conducting Study,Assessment Underway
NOVA Chemicals Corporation,785 Petrolia Line,785 Petrolia Line,St. Clair,Petroleum Refineries,Sarnia,TEMPERATURE,ECA/CofA/Permit Non-Compliance,2021-05-18,2021-06-13,10,°C,/d,23,11,16,Additional Monitoring Underway; Conducting Study,Assessment Underway
"Ontario Graphite, Ltd.",Kearney Graphite Mine,2142 Forestry Rd Lots 7 & 8 Concession 10 Geographic Township of Butt,Kearney,Metal Mining and Refining,North Bay,PH - HIGH,ECA/CofA/Permit Non-Compliance,2021-01-24,2021-01-24,9,pH,any,1,9.1,9.1,Equipment Modified - Repaired - Replaced or Re-calibrated,Assessment Complete - Incident Resolved
"Ontario Graphite, Ltd.",Kearney Graphite Mine,2142 Forestry Rd Lots 7 & 8 Concession 10 Geographic Township of Butt,Kearney,Metal Mining and Refining,North Bay,PH - HIGH,ECA/CofA/Permit Non-Compliance,2021-03-08,2021-03-08,9,pH,any,1,9,9,None Required,Assessment Complete - No Action Required
"Ontario Graphite, Ltd.",Kearney Graphite Mine,2142 Forestry Rd Lots 7 & 8 Concession 10 Geographic Township of Butt,Kearney,Metal Mining and Refining,North Bay,PH - LOW,ECA/CofA/Permit Non-Compliance,2021-03-11,2021-03-11,6,pH,any,1,5.5,5.5,None Required,Assessment Complete - No Action Required
"Ontario Graphite, Ltd.",Kearney Graphite Mine,2142 Forestry Rd Lots 7 & 8 Concession 10 Geographic Township of Butt,Kearney,Metal Mining and Refining,North Bay,IRON,ECA/CofA/Permit Non-Compliance,2021-03-12,2021-03-12,2,mg/L,any,1,2.7,2.7,None Required,Assessment Complete - Incident Resolved
"Ontario Graphite, Ltd.",Kearney Graphite Mine,2142 Forestry Rd Lots 7 & 8 Concession 10 Geographic Township of Butt,Kearney,Metal Mining and Refining,North Bay,PH - HIGH,ECA/CofA/Permit Non-Compliance,2021-03-19,2021-03-19,9,pH,any,1,9,9,None Required,Assessment Complete - No Action Required
"Ontario Graphite, Ltd.",Kearney Graphite Mine,2142 Forestry Rd Lots 7 & 8 Concession 10 Geographic Township of Butt,Kearney,Metal Mining and Refining,North Bay,PH - LOW,ECA/CofA/Permit Non-Compliance,2021-03-20,2021-03-20,6,pH,any,1,5.6,5.6,None Required,Assessment Complete - No Action Required
"Ontario Graphite, Ltd.",Kearney Graphite Mine,2142 Forestry Rd Lots 7 & 8 Concession 10 Geographic Township of Butt,Kearney,Metal Mining and Refining,North Bay,PH - LOW,ECA/CofA/Permit Non-Compliance,2021-03-22,2021-03-22,6,pH,any,1,5.9,5.9,Other,Assessment Complete - Incident Resolved
"Ontario Graphite, Ltd.",Kearney Graphite Mine,2142 Forestry Rd Lots 7 & 8 Concession 10 Geographic Township of Butt,Kearney,Metal Mining and Refining,North Bay,PH - LOW,ECA/CofA/Permit Non-Compliance,2021-03-23,2021-03-23,6,pH,any,1,5.7,5.7,Other,Assessment Complete - Incident Resolved
"Ontario Graphite, Ltd.",Kearney Graphite Mine,2142 Forestry Rd Lots 7 & 8 Concession 10 Geographic Township of Butt,Kearney,Metal Mining and Refining,North Bay,PH - HIGH,ECA/CofA/Permit Non-Compliance,2021-03-24,2021-03-24,9,pH,any,1,9.1,9.1,Other,Assessment Complete - Incident Resolved
"Ontario Graphite, Ltd.",Kearney Graphite Mine,2142 Forestry Rd Lots 7 & 8 Concession 10 Geographic Township of Butt,Kearney,Metal Mining and Refining,North Bay,PH - HIGH,ECA/CofA/Permit Non-Compliance,2021-03-25,2021-03-25,9,pH,any,1,9.5,9.5,Other,Assessment Complete - Incident Resolved
"Ontario Graphite, Ltd.",Kearney Graphite Mine,2142 Forestry Rd Lots 7 & 8 Concession 10 Geographic Township of Butt,Kearney,Metal Mining and Refining,North Bay,PH - LOW,ECA/CofA/Permit Non-Compliance,2021-03-25,2021-03-25,6,pH,any,1,5.7,5.7,Other,Assessment Complete - Incident Resolved
"Ontario Graphite, Ltd.",Kearney Graphite Mine,2142 Forestry Rd Lots 7 & 8 Concession 10 Geographic Township of Butt,Kearney,Metal Mining and Refining,North Bay,PH - HIGH,ECA/CofA/Permit Non-Compliance,2021-03-26,2021-03-26,9,pH,any,1,9.9,9.9,Other,Assessment Complete - Incident Resolved
"Ontario Graphite, Ltd.",Kearney Graphite Mine,2142 Forestry Rd Lots 7 & 8 Concession 10 Geographic Township of Butt,Kearney,Metal Mining and Refining,North Bay,PH - LOW,ECA/CofA/Permit Non-Compliance,2021-03-27,2021-03-27,6,pH,any,1,5.4,5.4,Other,Assessment Complete - Incident Resolved
"Ontario Graphite, Ltd.",Kearney Graphite Mine,2142 Forestry Rd Lots 7 & 8 Concession 10 Geographic Township of Butt,Kearney,Metal Mining and Refining,North Bay,PH - HIGH,ECA/CofA/Permit Non-Compliance,2021-03-28,2021-03-28,9,pH,any,1,9.6,9.6,Equipment Modified - Repaired - Replaced or Re-calibrated,Assessment Complete - Incident Resolved
"Ontario Graphite, Ltd.",Kearney Graphite Mine,2142 Forestry Rd Lots 7 & 8 Concession 10 Geographic Township of Butt,Kearney,Metal Mining and Refining,North Bay,PH - LOW,ECA/CofA/Permit Non-Compliance,2021-03-29,2021-03-29,6,pH,any,1,5.7,5.7,Equipment Modified - Repaired - Replaced or Re-calibrated,Assessment Complete - Incident Resolved
"Ontario Graphite, Ltd.",Kearney Graphite Mine,2142 Forestry Rd Lots 7 & 8 Concession 10 Geographic Township of Butt,Kearney,Metal Mining and Refining,North Bay,PH - LOW,ECA/CofA/Permit Non-Compliance,2021-04-03,2021-04-03,6,pH,any,1,5.2,5.2,Equipment Modified - Repaired - Replaced or Re-calibrated,Assessment Complete - Incident Resolved
"Ontario Graphite, Ltd.",Kearney Graphite Mine,2142 Forestry Rd Lots 7 & 8 Concession 10 Geographic Township of Butt,Kearney,Metal Mining and Refining,North Bay,PH - LOW,ECA/CofA/Permit Non-Compliance,2021-04-04,2021-04-04,6,pH,any,1,5.5,5.5,Equipment Modified - Repaired - Replaced or Re-calibrated,Assessment Complete - Incident Resolved
"Ontario Graphite, Ltd.",Kearney Graphite Mine,2142 Forestry Rd Lots 7 & 8 Concession 10 Geographic Township of Butt,Kearney,Metal Mining and Refining,North Bay,PH - HIGH,ECA/CofA/Permit Non-Compliance,2021-04-05,2021-04-05,9,pH,any,1,10.2,10.2,Equipment Modified - Repaired - Replaced or Re-calibrated,Assessment Complete - Incident Resolved
"Ontario Graphite, Ltd.",Kearney Graphite Mine,2142 Forestry Rd Lots 7 & 8 Concession 10 Geographic Township of Butt,Kearney,Metal Mining and Refining,North Bay,PH - HIGH,ECA/CofA/Permit Non-Compliance,2021-04-06,2021-04-06,9,pH,any,1,9.7,9.7,Equipment Modified - Repaired - Replaced or Re-calibrated,Assessment Complete - Incident Resolved
"Ontario Graphite, Ltd.",Kearney Graphite Mine,2142 Forestry Rd Lots 7 & 8 Concession 10 Geographic Township of Butt,Kearney,Metal Mining and Refining,North Bay,ACUTE LETHALITY - DAPHNIA,ECA/CofA/Permit Non-Compliance,2021-06-02,2021-06-02,0,acute toxicity,any,1,1,1,New/Modified Sampling Program Underway,Assessment Complete - Incident Resolved
"Ontario Graphite, Ltd.",Kearney Graphite Mine,2142 Forestry Rd Lots 7 & 8 Concession 10 Geographic Township of Butt,Kearney,Metal Mining and Refining,North Bay,ACUTE LETHALITY - DAPHNIA,ECA/CofA/Permit Non-Compliance,2021-07-07,2021-07-07,0,acute toxicity,any,1,1,1,Additional Monitoring Underway,Assessment Complete - Incident Resolved
"Ontario Graphite, Ltd.",Kearney Graphite Mine,2142 Forestry Rd Lots 7 & 8 Concession 10 Geographic Township of Butt,Kearney,Metal Mining and Refining,North Bay,ACUTE LETHALITY - DAPHNIA,ECA/CofA/Permit Non-Compliance,2021-07-12,2021-07-12,0,acute toxicity,any,1,1,1,Additional Monitoring Underway,Assessment Complete - Incident Resolved
"Ontario Graphite, Ltd.",Kearney Graphite Mine,2142 Forestry Rd Lots 7 & 8 Concession 10 Geographic Township of Butt,Kearney,Metal Mining and Refining,North Bay,ACUTE LETHALITY - DAPHNIA,ECA/CofA/Permit Non-Compliance,2021-07-19,2021-07-19,0,acute toxicity,any,1,1,1,Additional Monitoring Underway,Assessment Complete - Incident Resolved
"Ontario Graphite, Ltd.",Kearney Graphite Mine,2142 Forestry Rd Lots 7 & 8 Concession 10 Geographic Township of Butt,Kearney,Metal Mining and Refining,North Bay,ACUTE LETHALITY - DAPHNIA,ECA/CofA/Permit Non-Compliance,2021-07-23,2021-07-23,0,acute toxicity,any,1,1,1,Additional Monitoring Underway,Assessment Complete - Incident Resolved
"Ontario Graphite, Ltd.",Kearney Graphite Mine,2142 Forestry Rd Lots 7 & 8 Concession 10 Geographic Township of Butt,Kearney,Metal Mining and Refining,North Bay,PH - LOW,ECA/CofA/Permit Non-Compliance,2021-10-19,2021-10-19,6,pH,any,1,5.76,5.76,Equipment Modified - Repaired - Replaced or Re-calibrated,Assessment Complete - Incident Resolved
"Ontario Graphite, Ltd.",Kearney Graphite Mine,2142 Forestry Rd Lots 7 & 8 Concession 10 Geographic Township of Butt,Kearney,Metal Mining and Refining,North Bay,PH - HIGH,ECA/CofA/Permit Non-Compliance,2021-10-22,2021-10-22,9,pH,any,1,9.4,9.4,Equipment Modified - Repaired - Replaced or Re-calibrated,Assessment Complete - Incident Resolved
"Ontario Graphite, Ltd.",Kearney Graphite Mine,2142 Forestry Rd Lots 7 & 8 Concession 10 Geographic Township of Butt,Kearney,Metal Mining and Refining,North Bay,PH - LOW,ECA/CofA/Permit Non-Compliance; Order Non-Compliance,2021-12-12,2021-12-12,6,pH,any,1,5.2,5.2,Other,Assessment Complete - No Action Required
"Ontario Graphite, Ltd.",Kearney Graphite Mine,2142 Forestry Rd Lots 7 & 8 Concession 10 Geographic Township of Butt,Kearney,Metal Mining and Refining,North Bay,PH - LOW,ECA/CofA/Permit Non-Compliance,2021-12-17,2021-12-17,6,pH,any,1,5.5,5.5,Equipment Modified - Repaired - Replaced or Re-calibrated,Assessment Complete - Incident Resolved
Ontario Power Generation Inc.,Atikokan Generating Station,"Part 1-6, Plan 48R-3720, Township of Atikokan, District of Rainy River P0T 1C0",Atikokan,Electric Power Generation,Thunder Bay,PH - HIGH,ECA/CofA/Permit Non-Compliance,2021-05-31,2021-05-31,9.5,pH,any,1,10.21,10.21,Action Plan Submitted - Implementing Improvements,Voluntary Abatement Program Underway
Ontario Power Generation Inc.,Atikokan Generating Station,"Part 1-6, Plan 48R-3720, Township of Atikokan, District of Rainy River P0T 1C0",Atikokan,Electric Power Generation,Thunder Bay,ACUTE LETHALITY - DAPHNIA,ECA/CofA/Permit Non-Compliance,2021-08-23,2021-08-23,0,acute toxicity,any,1,1,1,Additional Monitoring Underway,Voluntary Abatement Program Underway
Ontario Power Generation Inc.,Pickering Nuclear Generating Station,1675 Montgomery Park Rd Lot 21 Concession 2,Pickering,Electric Power Generation,York-Durham,TEMPERATURE,ECA/CofA/Permit Non-Compliance,2021-06-05,2021-06-05,11,°C,any,1,12,12,Action Plan Submitted - Implementing Improvements,Assessment Complete - No Action Required
Peter Kiewit Infrastructure Co.,Little Long Generating Station,Little Long Generating Station,Kapuskasing,Electric Power Generation,Timmins,DISSOLVED ALUMINUM,ECA/CofA/Permit Non-Compliance,2021-06-21,2021-06-21,0.07,mg/L, /d,1,0.4,0.4,Operational Process Modification,Assessment Complete - No Action Required
Peter Kiewit Infrastructure Co.,Little Long Generating Station,Little Long Generating Station,Kapuskasing,Electric Power Generation,Timmins,DISSOLVED ALUMINUM,ECA/CofA/Permit Non-Compliance,2021-06-24,2021-06-24,0.07,mg/L, /d,1,0.29,0.29,Operational Process Modification,Assessment Complete - No Action Required
Peter Kiewit Infrastructure Co.,Little Long Generating Station,Little Long Generating Station,Kapuskasing,Electric Power Generation,Timmins,DISSOLVED ALUMINUM,ECA/CofA/Permit Non-Compliance,2021-06-27,2021-06-27,0.07,mg/L, /d,1,0.37,0.37,Operational Process Modification,Assessment Complete - No Action Required
Peter Kiewit Infrastructure Co.,Little Long Generating Station,Little Long Generating Station,Kapuskasing,Electric Power Generation,Timmins,DISSOLVED ALUMINUM,ECA/CofA/Permit Non-Compliance,2021-07-15,2021-07-15,0.07,mg/L, /d,1,0.35,0.35,Operational Process Modification,Assessment Complete - Incident Resolved
Peter Kiewit Infrastructure Co.,Little Long Generating Station,Little Long Generating Station,Kapuskasing,Electric Power Generation,Timmins,DISSOLVED ALUMINUM,ECA/CofA/Permit Non-Compliance,2021-07-18,2021-07-18,0.07,mg/L, /d,1,0.3,0.3,Operational Process Modification,Assessment Complete - Incident Resolved
Peter Kiewit Infrastructure Co.,Little Long Generating Station,Little Long Generating Station,Kapuskasing,Electric Power Generation,Timmins,DISSOLVED ALUMINUM,ECA/CofA/Permit Non-Compliance,2021-08-22,2021-08-22,0.07,mg/L, /d,1,0.26,0.26,New Equipment or Treatment Process Installed,Assessment Underway
Peter Kiewit Infrastructure Co.,Little Long Generating Station,Little Long Generating Station,Kapuskasing,Electric Power Generation,Timmins,DISSOLVED ALUMINUM,ECA/CofA/Permit Non-Compliance,2021-09-25,2021-09-25,0.07,mg/L, /d,1,0.29,0.29,Operational Process Modification,Assessment Underway
"Platinum Produce Inc., 1347786 Ontario Limited and 3041485 Nova Scotia Company",Platinum Produce Greenhouse,20957 Communication Rd,Chatham-Kent,Miscellaneous Industrial,Windsor,TOTAL AMMONIA NITROGEN,ECA/CofA/Permit Non-Compliance,2021-11-01,2021-11-30,4,mg/L,mon avg,1,5.3,5.3,Operational Process Modification,Assessment Underway
"Platinum Produce Inc., 1347786 Ontario Limited and 3041485 Nova Scotia Company",Platinum Produce Greenhouse,20957 Communication Rd,Chatham-Kent,Miscellaneous Industrial,Windsor,TOTAL AMMONIA NITROGEN,ECA/CofA/Permit Non-Compliance,2021-12-01,2021-12-31,4,mg/L,mon avg,1,6,6,Operational Process Modification,Assessment Underway
Pure Flavor Farms Inc.,966 Highway 77,966 Highway 77,Leamington,Miscellaneous Industrial,Windsor,TOTAL AMMONIA NITROGEN,ECA/CofA/Permit Non-Compliance,2021-02-01,2021-02-28,4,mg/L,mon avg,1,6.15,6.15,Conducting Study; Operational Process Modification,Assessment Underway
Pure Flavor Farms Inc.,966 Highway 77,966 Highway 77,Leamington,Miscellaneous Industrial,Windsor,TOTAL AMMONIA NITROGEN,ECA/CofA/Permit Non-Compliance,2021-03-01,2021-03-31,4,mg/L,mon avg,1,4.1,4.1,Operational Process Modification,Assessment Underway
Pure Flavor Farms Inc.,966 Highway 77,966 Highway 77,Leamington,Miscellaneous Industrial,Windsor,TOTAL AMMONIA NITROGEN,ECA/CofA/Permit Non-Compliance,2021-11-01,2021-11-30,4,mg/L,mon avg,1,4.8,4.8,Operational Process Modification,Assessment Underway
Pure Flavor Farms Inc.,966 Highway 77,966 Highway 77,Leamington,Miscellaneous Industrial,Windsor,TOTAL AMMONIA NITROGEN,ECA/CofA/Permit Non-Compliance,2021-12-01,2021-12-31,4,mg/L,mon avg,1,7.7,7.7,Operational Process Modification,Assessment Underway
Pure Gold Mining Inc.,Madsen Gold Project,2 Mine St,Red Lake,Metal Mining and Refining,Kenora,"PHOSPHORUS, TOTAL",ECA/CofA/Permit Non-Compliance,2021-08-30,2021-08-30,0.5,mg/L,any,1,0.6,0.6,Ceased Operations; Equipment Modified - Repaired - Replaced or Re-calibrated; Operational Process Modification,Assessment Complete - Incident Resolved
Rayonier A.M. Canada Enterprises Inc.,Rayonier (formerly Tembec),1 Government Rd,Kapuskasing,Pulp and Paper,Timmins,ACUTE LETHALITY - DAPHNIA,ECA/CofA/Permit Non-Compliance; Legislation Non-Compliance,2021-04-12,2021-04-12,0,acute toxicity,any,1,1,1,Operational Process Modification,Assessment Complete - No Action Required
Resolute FP Canada Inc.,Resolute Forest Products,2001 Neebing Ave,Thunder Bay,Pulp and Paper,Thunder Bay,BIOCHEMICAL OXYGEN DEMAND,ECA/CofA/Permit Non-Compliance,2021-02-06,2021-02-06,13.3,tonne, /d,1,19.35,19.35,Action Plan Submitted - Implementing Improvements,Assessment Complete - Incident Resolved
Resolute FP Canada Inc.,Resolute Forest Products,2001 Neebing Ave,Thunder Bay,Pulp and Paper,Thunder Bay,ACUTE LETHALITY - DAPHNIA,ECA/CofA/Permit Non-Compliance,2021-02-08,2021-02-08,0,acute toxicity,any,1,1,1,Action Plan Submitted - Implementing Improvements,Assessment Complete - Incident Resolved
Resolute FP Canada Inc.,Resolute Forest Products,2001 Neebing Ave,Thunder Bay,Pulp and Paper,Thunder Bay,PH - HIGH,ECA/CofA/Permit Non-Compliance,2021-10-21,2021-10-21,9.5,pH,any,1,10.35,10.35,Additional Monitoring Underway; Operational Process Modification,Assessment Complete - Incident Resolved
Ruthven Farms Inc.,1448 Road 4 East,1448 Road 4 East,Kingsville,Miscellaneous Industrial,Windsor,ZINC,ECA/CofA/Permit Non-Compliance,2020-10-01,2021-01-31,0.1,mg/L,rolling avg,1,0.373,0.373,Other,Assessment Underway
Ruthven Farms Inc.,1448 Road 4 East,1448 Road 4 East,Kingsville,Miscellaneous Industrial,Windsor,ZINC,ECA/CofA/Permit Non-Compliance,2020-11-01,2021-02-28,0.1,mg/L,rolling avg,1,0.427,0.427,Other,Assessment Underway
Ruthven Farms Inc.,1448 Road 4 East,1448 Road 4 East,Kingsville,Miscellaneous Industrial,Windsor,ZINC,ECA/CofA/Permit Non-Compliance,2020-12-01,2021-03-31,0.1,mg/L,rolling avg,1,0.3675,0.3675,Other,Assessment Underway
Ruthven Farms Inc.,1448 Road 4 East,1448 Road 4 East,Kingsville,Miscellaneous Industrial,Windsor,ZINC,ECA/CofA/Permit Non-Compliance,2021-01-01,2021-04-30,0.1,mg/L,rolling avg,1,0.3265,0.3265,Other,Assessment Underway
Ruthven Farms Inc.,1448 Road 4 East,1448 Road 4 East,Kingsville,Miscellaneous Industrial,Windsor,ZINC,ECA/CofA/Permit Non-Compliance,2021-02-01,2021-05-25,0.1,mg/L,rolling avg,1,0.2115,0.2115,Other,Assessment Underway
Ruthven Farms Inc.,1448 Road 4 East,1448 Road 4 East,Kingsville,Miscellaneous Industrial,Windsor,ZINC,ECA/CofA/Permit Non-Compliance,2021-04-01,2021-07-31,0.1,mg/L,rolling avg,1,0.10125,0.10125,Other,Assessment Underway
Ruthven Farms Inc.,1448 Road 4 East,1448 Road 4 East,Kingsville,Miscellaneous Industrial,Windsor,ZINC,ECA/CofA/Permit Non-Compliance,2021-08-01,2021-12-31,0.1,mg/L,rolling avg,4,0.1075,0.1808,Other,Voluntary Abatement Program Underway
Ruthven Farms Inc.,1448 Road 4 East,1448 Road 4 East,Kingsville,Miscellaneous Industrial,Windsor,ZINC,ECA/CofA/Permit Non-Compliance,2021-11-01,2021-11-30,0.1,mg/L,rolling avg,1,0.1473,0.1473,Additional Monitoring Underway,Assessment Underway
SFJ Inc.,19325 County Road 42,19325 County Road 42 Lot 19 Concession 4 Tilbury,Chatham-Kent,Miscellaneous Industrial,Windsor,TOTAL SUSPENDED SOLIDS,ECA/CofA/Permit Non-Compliance,2021-12-01,2021-12-31,15,mg/L,mon avg,1,19,19,Other,Assessment Complete - Incident Resolved
"Soave Farms Company and 1313304 Alberta ULC, operating as Great Northern Seedlings",Great Northern Seedlings,1507 Road 3 E,Kingsville,Miscellaneous Industrial,Windsor,ZINC,ECA/CofA/Permit Non-Compliance,2021-03-01,2021-03-11,0.1,mg/L,rolling avg,1,0.98,0.98,Additional Monitoring Underway,Assessment Underway
"Soave Farms Company and 1313304 Alberta ULC, operating as Great Northern Seedlings",Great Northern Seedlings,1507 Road 3 E,Kingsville,Miscellaneous Industrial,Windsor,ZINC,ECA/CofA/Permit Non-Compliance,2021-03-18,2021-06-18,0.1,mg/L,rolling avg,1,0.15,0.15,Conducting Study,Assessment Underway
Soave Hydroponics Company,1400 Road 3 East,1400 Road 3 E,Kingsville,Miscellaneous Industrial,Windsor,ZINC,ECA/CofA/Permit Non-Compliance,2021-03-01,2021-03-11,0.1,mg/L,rolling avg,1,0.12,0.12,Additional Monitoring Underway,Assessment Underway
Soave Hydroponics Company,1400 Road 3 East,1400 Road 3 E,Kingsville,Miscellaneous Industrial,Windsor,ZINC,ECA/CofA/Permit Non-Compliance,2021-03-01,2021-03-11,0.1,mg/L,rolling avg,1,0.38,0.38,Additional Monitoring Underway,Assessment Underway
Southshore Greenhouses Inc.,1814 Seacliff Drive,1814 Seacliff Dr,Kingsville,Miscellaneous Industrial,Windsor,ZINC,ECA/CofA/Permit Non-Compliance,2021-08-17,2021-12-16,0.1,mg/L,rolling avg,1,0.44,0.44,Other,Other Abatement Action Taken
Southshore Greenhouses Inc.,Southshore Greenhouses - 1746 Seacliff Drive,1746 Seacliff Dr,Kingsville,Miscellaneous Industrial,Windsor,"PHOSPHORUS, TOTAL",ECA/CofA/Permit Non-Compliance,2020-10-01,2021-01-31,0.5,mg/L,rolling avg,1,0.69,0.69,Other,Assessment Underway
Southshore Greenhouses Inc.,Southshore Greenhouses - 1746 Seacliff Drive,1746 Seacliff Dr,Kingsville,Miscellaneous Industrial,Windsor,ZINC,ECA/CofA/Permit Non-Compliance,2020-10-01,2021-01-31,0.1,mg/L,rolling avg,1,0.69,0.69,Other,Assessment Underway
Southshore Greenhouses Inc.,Southshore Greenhouses - 1746 Seacliff Drive,1746 Seacliff Dr,Kingsville,Miscellaneous Industrial,Windsor,ZINC,ECA/CofA/Permit Non-Compliance,2020-10-01,2021-01-31,0.1,mg/L,rolling avg,1,1.48,1.48,Other,Assessment Underway
Southshore Greenhouses Inc.,Southshore Greenhouses - 1746 Seacliff Drive,1746 Seacliff Dr,Kingsville,Miscellaneous Industrial,Windsor,ZINC,ECA/CofA/Permit Non-Compliance,2021-08-17,2021-12-16,0.1,mg/L,rolling avg,1,0.5,0.5,Other,Other Abatement Action Taken
"St. Clair Power, L.P.",St. Clair Energy Centre,West 1/2 of Lot 22 East 1/4 of Lot 23,St. Clair,Electric Power Generation,Sarnia,TOTAL SUSPENDED SOLIDS,ECA/CofA/Permit Non-Compliance,2021-10-01,2021-10-31,25,mg/L,mon avg,1,26.2,26.2,None Required,Assessment Complete - No Action Required
"St. Clair Power, L.P.",St. Clair Energy Centre,West 1/2 of Lot 22 East 1/4 of Lot 23,St. Clair,Electric Power Generation,Sarnia,TOTAL SUSPENDED SOLIDS,ECA/CofA/Permit Non-Compliance,2021-10-04,2021-10-04,50,mg/L,daily avg,1,78,78,Operational Process Modification,Assessment Underway
Stella-Jones Inc.,1 Ram Forest Road,1 Ram Forest Rd Gormley,Whitchurch-Stouffville,Miscellaneous Industrial,York-Durham,COPPER,ECA/CofA/Permit Non-Compliance,2021-02-25,2021-02-25,53,µg/L,Every two months,1,280,280,Additional Monitoring Underway,Assessment Underway
Stella-Jones Inc.,1 Ram Forest Road,1 Ram Forest Rd Gormley,Whitchurch-Stouffville,Miscellaneous Industrial,York-Durham,COPPER,ECA/CofA/Permit Non-Compliance,2021-02-25,2021-02-25,53,µg/L,Every two months,1,310,310,Additional Monitoring Underway,Assessment Underway
Stella-Jones Inc.,1 Ram Forest Road,1 Ram Forest Rd Gormley,Whitchurch-Stouffville,Miscellaneous Industrial,York-Durham,COPPER,ECA/CofA/Permit Non-Compliance,2021-04-20,2021-04-20,53,µg/L,Every two months,1,520,520,Additional Monitoring Underway; Operational Process Modification,Assessment Underway
Stella-Jones Inc.,1 Ram Forest Road,1 Ram Forest Rd Gormley,Whitchurch-Stouffville,Miscellaneous Industrial,York-Durham,COPPER,ECA/CofA/Permit Non-Compliance,2021-04-20,2021-04-20,53,µg/L,Every two months,1,550,550,Additional Monitoring Underway; Operational Process Modification,Assessment Underway
Stella-Jones Inc.,1 Ram Forest Road,1 Ram Forest Rd Gormley,Whitchurch-Stouffville,Miscellaneous Industrial,York-Durham,COPPER,ECA/CofA/Permit Non-Compliance,2021-06-21,2021-06-21,53,µg/L,Every two months,1,170,170,Conducting Study,Assessment Underway
Stella-Jones Inc.,1 Ram Forest Road,1 Ram Forest Rd Gormley,Whitchurch-Stouffville,Miscellaneous Industrial,York-Durham,COPPER,ECA/CofA/Permit Non-Compliance,2021-06-21,2021-06-21,53,µg/L,Every two months,1,240,240,Conducting Study,Assessment Underway
Stella-Jones Inc.,1 Ram Forest Road,1 Ram Forest Rd Gormley,Whitchurch-Stouffville,Miscellaneous Industrial,York-Durham,COPPER,ECA/CofA/Permit Non-Compliance,2021-08-27,2021-08-27,53,µg/L,Every two months,1,140,140,Additional Monitoring Underway; Operational Process Modification,Assessment Underway
Stella-Jones Inc.,1 Ram Forest Road,1 Ram Forest Rd Gormley,Whitchurch-Stouffville,Miscellaneous Industrial,York-Durham,COPPER,ECA/CofA/Permit Non-Compliance,2021-08-27,2021-08-27,53,µg/L,Every two months,1,140,140,Additional Monitoring Underway; Operational Process Modification,Assessment Underway
Stella-Jones Inc.,1 Ram Forest Road,1 Ram Forest Rd Gormley,Whitchurch-Stouffville,Miscellaneous Industrial,York-Durham,COPPER,ECA/CofA/Permit Non-Compliance,2021-10-20,2021-10-20,53,µg/L,Every two months,1,250,250,Additional Monitoring Underway,Assessment Underway
Stella-Jones Inc.,1 Ram Forest Road,1 Ram Forest Rd Gormley,Whitchurch-Stouffville,Miscellaneous Industrial,York-Durham,COPPER,ECA/CofA/Permit Non-Compliance,2021-10-20,2021-10-20,53,µg/L,Every two months,1,260,260,Additional Monitoring Underway,Assessment Underway
Sulco Chemicals Limited,Sulco Chemicals - 60 First Street East,60 First Street Extention E Elmira,Woolwich,Organic Chemicals Manufacturing,Guelph,"PHOSPHORUS, TOTAL",ECA/CofA/Permit Non-Compliance,2021-09-01,2021-09-30,0.32,mg/L,mon avg,1,7.9,7.9,Operational Process Modification,Assessment Complete - No Action Required
Sunvalley Hydroponics Ltd.,3080 Graham Sideroad,3080 Graham Side Rd Lot 19 Concession 5,Kingsville,Miscellaneous Industrial,Windsor,ZINC,ECA/CofA/Permit Non-Compliance,2021-01-01,2021-04-30,0.1,mg/L,rolling avg,1,0.13225,0.13225,Other,Assessment Underway
Terra International (Canada) Inc.,Terra International (Canada) Inc. - 161 Bickford Line,161 Bickford Line,St. Clair,Inorganic Chemicals,Sarnia,ALUMINUM,Legislation Non-Compliance,2021-03-17,2021-03-17,8.9,kg/d, /d,1,10.301,10.301,None Required,Assessment Complete - No Action Required
Terra International (Canada) Inc.,Terra International (Canada) Inc. - 161 Bickford Line,161 Bickford Line,St. Clair,Inorganic Chemicals,Sarnia,FLUORIDE,Legislation Non-Compliance,2021-03-17,2021-03-17,4,kg/d, /d,1,4.41,4.41,None Required,Assessment Complete - No Action Required
Terra International (Canada) Inc.,Terra International (Canada) Inc. - 161 Bickford Line,161 Bickford Line,St. Clair,Inorganic Chemicals,Sarnia,FLUORIDE,ECA/CofA/Permit Non-Compliance,2021-06-09,2021-06-09,4,kg/d, /d,1,4.56,4.56,None Required,Assessment Complete - No Action Required
Terra International (Canada) Inc.,Terra International (Canada) Inc. - 161 Bickford Line,161 Bickford Line,St. Clair,Inorganic Chemicals,Sarnia,Total Residual Chlorine,ECA/CofA/Permit Non-Compliance,2021-08-11,2021-08-11,0.01,mg/L, /d,1,0.017,0.017,New/Amended Approval; New/Modified Sampling Program Underway,Additional Requirements Added in Approval/Permit
Terra International (Canada) Inc.,Terra International (Canada) Inc. - 161 Bickford Line,161 Bickford Line,St. Clair,Inorganic Chemicals,Sarnia,ALUMINUM,ECA/CofA/Permit Non-Compliance,2021-09-15,2021-09-15,8.9,kg/d, /d,1,11.01,11.01,None Required,Assessment Complete - No Action Required
Terra International (Canada) Inc.,Terra International (Canada) Inc. - 161 Bickford Line,161 Bickford Line,St. Clair,Inorganic Chemicals,Sarnia,FLUORIDE,ECA/CofA/Permit Non-Compliance,2021-09-15,2021-09-15,4,kg/d, /d,1,5.08,5.08,None Required,Assessment Complete - No Action Required
Terra International (Canada) Inc.,Terra International (Canada) Inc. - 161 Bickford Line,161 Bickford Line,St. Clair,Inorganic Chemicals,Sarnia,POLYETHYLENE,ECA/CofA/Permit Non-Compliance,2021-09-18,2021-09-19,0.06,mg/L,24h avg,1,11.17,11.17,Action Plan Submitted - Implementing Improvements; Equipment Modified - Repaired - Replaced or Re-calibrated; Training/Procedure Change,Environmental Penalty Order Issued
Terra International (Canada) Inc.,Terra International (Canada) Inc. - 161 Bickford Line,161 Bickford Line,St. Clair,Inorganic Chemicals,Sarnia,TOTAL SUSPENDED SOLIDS,ECA/CofA/Permit Non-Compliance,2021-09-23,2021-09-24,3500,kg/d, /d,2,4021.04,6758.73,None Required,Assessment Complete - No Action Required
Terra International (Canada) Inc.,Terra International (Canada) Inc. - 161 Bickford Line,161 Bickford Line,St. Clair,Inorganic Chemicals,Sarnia,TOTAL SUSPENDED SOLIDS,ECA/CofA/Permit Non-Compliance,2021-10-26,2021-10-27,3500,kg/d, /d,2,3875.25,8779.96,None Required,Assessment Complete - No Action Required
The Corporation of the County of Lambton,Sarnia Leachate Treatment Facility,Lot # 12 & Concession # 3,Sarnia,Miscellaneous Industrial,Sarnia,TOTAL SUSPENDED SOLIDS,ECA/CofA/Permit Non-Compliance,2021-11-01,2021-11-30,15,mg/L,mon avg,1,18.67,18.67,Training/Procedure Change,Assessment Complete - Incident Resolved
The Corporation of the Municipality of Kincardine,Kincardine Waste Management Centre (Ward 2 landfill),437 Sideroad 15 North,Kincardine,Municipal Sewage,Owen Sound,CARBONACEOUS BIOCHEMICAL OXYGEN DEMAND,ECA/CofA/Permit Non-Compliance,2021-03-10,2021-03-10,15,mg/L,any,1,27,27,Additional Monitoring Underway; Equipment Modified - Repaired - Replaced or Re-calibrated,Assessment Complete - Incident Resolved
The Corporation of the Municipality of Kincardine,Kincardine Waste Management Centre (Ward 2 landfill),437 Sideroad 15 North,Kincardine,Municipal Sewage,Owen Sound,"PHOSPHORUS, TOTAL",ECA/CofA/Permit Non-Compliance,2021-03-10,2021-03-10,0.7,mg/L,any,1,0.8,0.8,Additional Monitoring Underway; Equipment Modified - Repaired - Replaced or Re-calibrated,Assessment Complete - Incident Resolved
The Corporation of the Municipality of Kincardine,Kincardine Waste Management Centre (Ward 2 landfill),437 Sideroad 15 North,Kincardine,Municipal Sewage,Owen Sound,TOTAL SUSPENDED SOLIDS,ECA/CofA/Permit Non-Compliance,2021-03-10,2021-03-10,20,mg/L,any,1,52,52,Additional Monitoring Underway; Equipment Modified - Repaired - Replaced or Re-calibrated,Assessment Complete - Incident Resolved
The Green Organic Dutchman Ltd.,Jerseyville Greenhouse Facility,1915 Jerseyville Road West,Hamilton,Miscellaneous Industrial,Hamilton,POTASSIUM,ECA/CofA/Permit Non-Compliance,2021-01-01,2021-04-30,25,mg/L,rolling avg,4,38.5,63,Additional Monitoring Underway,Assessment Underway
The Green Organic Dutchman Ltd.,Jerseyville Greenhouse Facility,1915 Jerseyville Road West,Hamilton,Miscellaneous Industrial,Hamilton,ZINC,ECA/CofA/Permit Non-Compliance,2021-01-01,2021-04-30,0.1,mg/L,rolling avg,4,0.7,0.7,Additional Monitoring Underway,Assessment Underway
The Green Organic Dutchman Ltd.,Jerseyville Greenhouse Facility,1915 Jerseyville Road West,Hamilton,Miscellaneous Industrial,Hamilton,"PHOSPHORUS, TOTAL",ECA/CofA/Permit Non-Compliance,2021-01-27,2021-01-27,0.5,mg/L,rolling avg,1,0.6,0.6,Operational Process Modification,Assessment Complete - No Action Required
The Green Organic Dutchman Ltd.,Jerseyville Greenhouse Facility,1915 Jerseyville Road West,Hamilton,Miscellaneous Industrial,Hamilton,POTASSIUM,ECA/CofA/Permit Non-Compliance,2021-01-27,2021-03-25,25,mg/L,rolling avg,3,31.8,45.2,Operational Process Modification,Assessment Complete - No Action Required
The Green Organic Dutchman Ltd.,Jerseyville Greenhouse Facility,1915 Jerseyville Road West,Hamilton,Miscellaneous Industrial,Hamilton,TOTAL SUSPENDED SOLIDS,ECA/CofA/Permit Non-Compliance,2021-01-27,2021-01-27,60,mg/L,rolling avg,1,69.5,69.5,Operational Process Modification,Assessment Complete - No Action Required
The Green Organic Dutchman Ltd.,Jerseyville Greenhouse Facility,1915 Jerseyville Road West,Hamilton,Miscellaneous Industrial,Hamilton,ZINC,ECA/CofA/Permit Non-Compliance,2021-01-27,2021-03-25,0.1,mg/L,rolling avg,3,0.5,0.5,Operational Process Modification,Assessment Complete - No Action Required
The Green Organic Dutchman Ltd.,Jerseyville Greenhouse Facility,1915 Jerseyville Road West,Hamilton,Miscellaneous Industrial,Hamilton,POTASSIUM,ECA/CofA/Permit Non-Compliance,2021-02-01,2021-05-31,25,mg/L,rolling avg,4,31.6,56.9,Additional Monitoring Underway,Assessment Underway
The Green Organic Dutchman Ltd.,Jerseyville Greenhouse Facility,1915 Jerseyville Road West,Hamilton,Miscellaneous Industrial,Hamilton,Sulphate,ECA/CofA/Permit Non-Compliance,2021-02-01,2021-05-31,200,mg/L,rolling avg,2,213.6,213.6,Additional Monitoring Underway,Assessment Underway
The Green Organic Dutchman Ltd.,Jerseyville Greenhouse Facility,1915 Jerseyville Road West,Hamilton,Miscellaneous Industrial,Hamilton,NITRATE (AS NITROGEN),ECA/CofA/Permit Non-Compliance,2021-03-01,2021-06-30,20,mg/L,rolling avg,1,64.5,64.5,Additional Monitoring Underway,Assessment Underway
The Green Organic Dutchman Ltd.,Jerseyville Greenhouse Facility,1915 Jerseyville Road West,Hamilton,Miscellaneous Industrial,Hamilton,POTASSIUM,ECA/CofA/Permit Non-Compliance,2021-03-01,2021-06-30,25,mg/L,rolling avg,4,38.5,63,Additional Monitoring Underway,Assessment Underway
The Green Organic Dutchman Ltd.,Jerseyville Greenhouse Facility,1915 Jerseyville Road West,Hamilton,Miscellaneous Industrial,Hamilton,Sulphate,ECA/CofA/Permit Non-Compliance,2021-03-01,2021-06-30,200,mg/L,rolling avg,2,213.6,378.5,Additional Monitoring Underway,Assessment Underway
The Green Organic Dutchman Ltd.,Jerseyville Greenhouse Facility,1915 Jerseyville Road West,Hamilton,Miscellaneous Industrial,Hamilton,NITRATE (AS NITROGEN),ECA/CofA/Permit Non-Compliance,2021-04-01,2021-07-31,20,mg/L,rolling avg,2,20,64.5,None Required,Assessment Complete - No Action Required
The Green Organic Dutchman Ltd.,Jerseyville Greenhouse Facility,1915 Jerseyville Road West,Hamilton,Miscellaneous Industrial,Hamilton,Sulphate,ECA/CofA/Permit Non-Compliance,2021-04-01,2021-07-31,200,mg/L,rolling avg,3,213.6,330.5,None Required,Assessment Complete - No Action Required
The Green Organic Dutchman Ltd.,Jerseyville Greenhouse Facility,1915 Jerseyville Road West,Hamilton,Miscellaneous Industrial,Hamilton,NITRATE (AS NITROGEN),ECA/CofA/Permit Non-Compliance,2021-05-01,2021-08-31,20,mg/L,rolling avg,3,20,64.5,None Required,Assessment Complete - No Action Required
The Green Organic Dutchman Ltd.,Jerseyville Greenhouse Facility,1915 Jerseyville Road West,Hamilton,Miscellaneous Industrial,Hamilton,Sulphate,ECA/CofA/Permit Non-Compliance,2021-05-01,2021-08-31,200,mg/L,rolling avg,4,213.6,378.5,None Required,Assessment Complete - No Action Required
The Green Organic Dutchman Ltd.,Jerseyville Greenhouse Facility,1915 Jerseyville Road West,Hamilton,Miscellaneous Industrial,Hamilton,NITRATE (AS NITROGEN),ECA/CofA/Permit Non-Compliance,2021-06-01,2021-09-30,20,mg/L,rolling avg,4,20,64.7,None Required,Assessment Complete - No Action Required
Thomas Cavanagh Construction Limited,Bourne Quarry,"Lot 16, Concession 2",Beckwith,Industrial Minerals,Ottawa,TOTAL SUSPENDED SOLIDS,ECA/CofA/Permit Non-Compliance,2021-09-23,2021-09-23,25,mg/L, /mon,1,42,42,Training/Procedure Change,Assessment Underway
TransAlta (SC) Inc. as general partner for and on behalf of TransAlta (SC) L.P.,Sarnia Regional Cogeneration Plant (SRCP),230 - 1741 River Rd,Sarnia,Electric Power Generation,Sarnia,TOTAL SUSPENDED SOLIDS,ECA/CofA/Permit Non-Compliance,2021-04-11,2021-04-11,50,mg/L, /d,1,61,61,Other,Assessment Underway
TransAlta (SC) Inc. as general partner for and on behalf of TransAlta (SC) L.P.,Sarnia Regional Cogeneration Plant (SRCP),230 - 1741 River Rd,Sarnia,Electric Power Generation,Sarnia,TOTAL SUSPENDED SOLIDS,ECA/CofA/Permit Non-Compliance,2021-09-24,2021-09-24,50,mg/L, /d,1,150,150,New/Amended Approval,Additional Requirements Added in Approval/Permit
Vale Canada Limited,Vale Canada Limited Copper Cliff Tailings,Copper Cliff,Greater Sudbury,Metal Mining and Refining,Sudbury,ACUTE LETHALITY - DAPHNIA,ECA/CofA/Permit Non-Compliance,2021-12-15,2021-12-15,0,acute toxicity,any,1,1,1,Additional Monitoring Underway,Assessment Underway
,,,,,,,,,,,,,,,,,
"Ces données sont fournies à titre d’information seulement. Les installations responsables des rejets ont fourni la plupart des données de ce sommaire. Ces installations sont responsables de l’exactitude des données fournies. Certaines données sont aussi dérivées des données du ministère sur les rejets. Les mesures prises par les installations et par le ministère étaient à jour en Octobre 2022. Pour obtenir des données actualisées, veuillez contacter le bureau de district ou de secteur concerné",,,,,,,,,,,,,,,,,
